,tagName,tagsCount,textDensity,densitySum
0,BODY,2800,3.140357142857143,3.142601858470336
1,DIV,2798,3.142601858470336,16749.33959993212
2,IMG,0,0.0,0
3,IMG,0,0.0,0
4,NOSCRIPT,0,760.0,0
5,A,0,0.0,0
6,A,0,20.0,0
7,HEADER,307,2.8631921824104234,2.872549019607843
8,DIV,306,2.872549019607843,9.072800586510263
9,DIV,248,1.9637096774193548,10.771557971014492
10,DIV,5,0.0,0.0
11,DIV,4,0.0,0.0
12,A,3,0.0,0.0
13,SPAN,0,0.0,0
14,SPAN,0,0.0,0
15,SPAN,0,0.0,0
16,DIV,23,2.217391304347826,2.3181818181818183
17,DIV,22,2.3181818181818183,11.2
18,A,6,1.0,1.2
19,SPAN,5,1.2,3.5
20,SPAN,2,1.5,2.0
21,SPAN,0,0.0,0
22,SPAN,0,2.0,0
23,SPAN,1,2.0,0.0
24,SPAN,0,0.0,0
25,A,5,6.0,51.0
26,SPAN,0,14.0,0
27,SPAN,1,15.0,0.0
28,SPAN,0,0.0,0
29,SPAN,0,7.0,0
30,SPAN,0,15.0,0
31,A,2,3.0,6.0
32,SPAN,0,0.0,0
33,SPAN,0,6.0,0
34,A,5,1.2,5.0
35,SPAN,0,0.0,0
36,SPAN,1,4.0,0.0
37,SPAN,0,0.0,0
38,SPAN,0,0.0,0
39,SPAN,0,1.0,0
40,DIV,48,8.354166666666666,8.53191489361702
41,DIV,47,8.53191489361702,8.911111111111111
42,DIV,0,0.0,0
43,FORM,45,8.911111111111111,13.338095238095237
44,DIV,35,11.17142857142857,11.5
45,DIV,34,11.5,11.848484848484848
46,DIV,33,11.848484848484848,58.32142857142857
47,DIV,2,1.5,3.0
48,SPAN,0,3.0,0
49,I,0,0.0,0
50,SPAN,0,43.0,0
51,SELECT,28,13.821428571428571,360.0
52,OPTION,0,15.0,0
53,OPTION,0,13.0,0
54,OPTION,0,10.0,0
55,OPTION,0,4.0,0
56,OPTION,0,22.0,0
57,OPTION,0,5.0,0
58,OPTION,0,9.0,0
59,OPTION,0,13.0,0
60,OPTION,0,11.0,0
61,OPTION,0,12.0,0
62,OPTION,0,11.0,0
63,OPTION,0,15.0,0
64,OPTION,0,13.0,0
65,OPTION,0,14.0,0
66,OPTION,0,13.0,0
67,OPTION,0,5.0,0
68,OPTION,0,18.0,0
69,OPTION,0,14.0,0
70,OPTION,0,23.0,0
71,OPTION,0,7.0,0
72,OPTION,0,11.0,0
73,OPTION,0,18.0,0
74,OPTION,0,12.0,0
75,OPTION,0,8.0,0
76,OPTION,0,17.0,0
77,OPTION,0,24.0,0
78,OPTION,0,12.0,0
79,OPTION,0,11.0,0
80,DIV,3,0.6666666666666666,1.0
81,DIV,2,1.0,2.0
82,SPAN,0,2.0,0
83,INPUT,0,0.0,0
84,DIV,4,1.5,3.0
85,DIV,2,3.0,6.0
86,LABEL,0,6.0,0
87,INPUT,0,0.0,0
88,DIV,0,0.0,0
89,DIV,165,0.2,63.838381074013256
90,DIV,3,0.0,0.0
91,DIV,1,0.0,0.0
92,DIV,0,0.0,0
93,DIV,0,0.0,0
94,DIV,81,7.382716049382716,7.766233766233766
95,DIV,1,0.0,0.0
96,DIV,0,0.0,0
97,DIV,77,7.766233766233766,7.868421052631579
98,DIV,76,7.868421052631579,23.02599469496021
99,DIV,5,6.4,8.0
100,DIV,4,8.0,32.0
101,A,1,7.0,7.0
102,SPAN,0,7.0,0
103,DIV,1,25.0,11.0
104,A,0,11.0,0
105,DIV,29,8.241379310344827,239.0
106,DIV,0,10.0,0
107,A,1,13.0,13.0
108,SPAN,0,13.0,0
109,A,1,23.0,23.0
110,SPAN,0,23.0,0
111,A,1,11.0,11.0
112,SPAN,0,11.0,0
113,A,1,23.0,23.0
114,SPAN,0,23.0,0
115,A,1,16.0,16.0
116,SPAN,0,16.0,0
117,A,1,13.0,13.0
118,SPAN,0,13.0,0
119,A,1,24.0,24.0
120,SPAN,0,24.0,0
121,A,1,25.0,25.0
122,SPAN,0,25.0,0
123,A,1,12.0,12.0
124,SPAN,0,12.0,0
125,A,1,11.0,11.0
126,SPAN,0,11.0,0
127,A,1,18.0,18.0
128,SPAN,0,18.0,0
129,A,1,16.0,16.0
130,SPAN,0,16.0,0
131,A,1,24.0,24.0
132,SPAN,0,24.0,0
133,A,1,0.0,0.0
134,SPAN,0,0.0,0
135,DIV,39,8.384615384615385,327.0
136,DIV,0,12.0,0
137,A,1,12.0,12.0
138,SPAN,0,12.0,0
139,A,1,11.0,11.0
140,SPAN,0,11.0,0
141,A,1,10.0,10.0
142,SPAN,0,10.0,0
143,A,1,20.0,20.0
144,SPAN,0,20.0,0
145,A,1,27.0,27.0
146,SPAN,0,27.0,0
147,A,1,27.0,27.0
148,SPAN,0,27.0,0
149,A,1,21.0,21.0
150,SPAN,0,21.0,0
151,A,1,11.0,11.0
152,SPAN,0,11.0,0
153,A,1,12.0,12.0
154,SPAN,0,12.0,0
155,A,1,9.0,9.0
156,SPAN,0,9.0,0
157,A,1,24.0,24.0
158,SPAN,0,24.0,0
159,A,1,18.0,18.0
160,SPAN,0,18.0,0
161,A,1,17.0,17.0
162,SPAN,0,17.0,0
163,A,1,16.0,16.0
164,SPAN,0,16.0,0
165,A,1,21.0,21.0
166,SPAN,0,21.0,0
167,A,1,14.0,14.0
168,SPAN,0,14.0,0
169,A,1,18.0,18.0
170,SPAN,0,18.0,0
171,A,1,27.0,27.0
172,SPAN,0,27.0,0
173,A,1,0.0,0.0
174,SPAN,0,0.0,0
175,DIV,0,0.0,0
176,DIV,58,51.741379310344826,55.574074074074076
177,DIV,1,0.0,0.0
178,DIV,0,0.0,0
179,DIV,54,55.574074074074076,1757.0
180,A,1,63.0,11.0
181,SPAN,0,11.0,0
182,A,1,70.0,18.0
183,SPAN,0,18.0,0
184,A,1,65.0,13.0
185,SPAN,0,13.0,0
186,A,1,64.0,12.0
187,SPAN,0,12.0,0
188,A,1,65.0,13.0
189,SPAN,0,13.0,0
190,A,1,62.0,10.0
191,SPAN,0,10.0,0
192,A,1,56.0,4.0
193,SPAN,0,4.0,0
194,A,1,74.0,22.0
195,SPAN,0,22.0,0
196,A,1,57.0,5.0
197,SPAN,0,5.0,0
198,A,1,61.0,9.0
199,SPAN,0,9.0,0
200,A,1,63.0,11.0
201,SPAN,0,11.0,0
202,A,1,67.0,15.0
203,SPAN,0,15.0,0
204,A,1,65.0,13.0
205,SPAN,0,13.0,0
206,A,1,66.0,14.0
207,SPAN,0,14.0,0
208,A,1,65.0,13.0
209,SPAN,0,13.0,0
210,A,1,70.0,18.0
211,SPAN,0,18.0,0
212,A,1,66.0,14.0
213,SPAN,0,14.0,0
214,A,1,75.0,23.0
215,SPAN,0,23.0,0
216,A,1,59.0,7.0
217,SPAN,0,7.0,0
218,A,1,71.0,19.0
219,SPAN,0,19.0,0
220,A,1,64.0,12.0
221,SPAN,0,12.0,0
222,A,1,60.0,8.0
223,SPAN,0,8.0,0
224,A,1,69.0,17.0
225,SPAN,0,17.0,0
226,A,1,76.0,24.0
227,SPAN,0,24.0,0
228,A,1,64.0,12.0
229,SPAN,0,12.0,0
230,A,1,63.0,11.0
231,SPAN,0,11.0,0
232,A,1,57.0,5.0
233,SPAN,0,5.0,0
234,DIV,0,0.0,0
235,DIV,3,0.0,0.0
236,DIV,1,0.0,0.0
237,DIV,0,0.0,0
238,DIV,0,0.0,0
239,DIV,7,4.714285714285714,8.25
240,DIV,1,0.0,0.0
241,DIV,0,0.0,0
242,DIV,4,8.25,32.0
243,A,1,7.0,7.0
244,SPAN,0,7.0,0
245,DIV,1,25.0,11.0
246,A,0,11.0,0
247,DIV,3,0.0,0.0
248,DIV,1,0.0,0.0
249,DIV,0,0.0,0
250,DIV,0,0.0,0
251,DIV,3,0.0,0.0
252,DIV,1,0.0,0.0
253,DIV,0,0.0,0
254,DIV,0,0.0,0
255,DIV,2,0.0,0.0
256,DIV,1,0.0,0.0
257,DIV,0,0.0,0
258,DIV,55,7.109090909090909,15.494505494505495
259,DIV,35,8.571428571428571,13.49
260,DIV,8,2.25,3.6
261,SPAN,5,3.6,4.5
262,A,4,4.5,9.0
263,DIV,0,0.0,0
264,DIV,2,9.0,17.0
265,SPAN,0,10.0,0
266,SPAN,0,7.0,0
267,INPUT,0,0.0,0
268,INPUT,0,0.0,0
269,DIV,25,11.24,11.708333333333334
270,DIV,24,11.708333333333334,87.44318181818181
271,DIV,1,0.0,0.0
272,DIV,0,0.0,0
273,H5,0,61.0,0
274,DIV,11,22.818181818181817,25.1
275,SPAN,10,25.1,41.0
276,DIV,4,0.0,7.0
277,DIV,3,7.0,10.5
278,DIV,2,10.5,21.0
279,I,0,0.0,0
280,DIV,0,21.0,0
281,STRONG,0,23.0,0
282,BR,0,0.0,0
283,STRONG,0,7.0,0
284,BR,0,0.0,0
285,A,0,11.0,0
286,DIV,8,3.625,8.666666666666666
287,SPAN,3,2.6666666666666665,4.0
288,SPAN,2,4.0,8.0
289,INPUT,0,0.0,0
290,SPAN,0,8.0,0
291,SPAN,3,6.0,9.0
292,SPAN,2,9.0,18.0
293,INPUT,0,0.0,0
294,SPAN,0,18.0,0
295,DIV,4,0.0,0.0
296,DIV,3,0.0,0.0
297,DIV,2,0.0,0.0
298,A,1,0.0,0.0
299,IMG,0,0.0,0
300,DIV,13,6.923076923076923,13.892857142857142
301,DIV,4,2.75,3.6666666666666665
302,A,3,3.6666666666666665,11.0
303,SPAN,0,0.0,0
304,SPAN,1,11.0,0.0
305,SPAN,0,0.0,0
306,DIV,7,11.142857142857142,13.0
307,DIV,6,13.0,73.0
308,A,0,15.0,0
309,A,0,13.0,0
310,A,0,10.0,0
311,A,0,4.0,0
312,A,0,4.0,0
313,A,0,27.0,0
314,DIV,0,0.0,0
315,A,0,0.0,0
316,DIV,2119,2.7144879660217085,53.14083436724565
317,SPAN,31,4.645161290322581,4.8
318,H1,30,4.8,4.9655172413793105
319,DIV,29,4.9655172413793105,11.754545454545454
320,DIV,5,6.8,8.5
321,DIV,4,8.5,11.333333333333334
322,DIV,3,11.333333333333334,34.0
323,SPAN,0,23.0,0
324,SPAN,0,1.0,0
325,SPAN,0,10.0,0
326,DIV,22,4.954545454545454,5.190476190476191
327,DIV,21,5.190476190476191,5.45
328,DIV,20,5.45,5.7368421052631575
329,SPAN,19,5.7368421052631575,6.055555555555555
330,FORM,18,6.055555555555555,199.3846153846154
331,INPUT,0,0.0,0
332,INPUT,0,0.0,0
333,INPUT,0,0.0,0
334,SPAN,13,8.384615384615385,27.8
335,LABEL,0,8.0,0
336,SELECT,5,16.6,79.0
337,OPTION,0,8.0,0
338,OPTION,0,18.0,0
339,OPTION,0,18.0,0
340,OPTION,0,20.0,0
341,OPTION,0,15.0,0
342,SPAN,5,3.2,4.0
343,SPAN,4,4.0,8.0
344,SPAN,2,8.0,16.0
345,SPAN,0,8.0,0
346,SPAN,0,8.0,0
347,I,0,0.0,0
348,NOSCRIPT,0,191.0,0
349,DIV,2080,2.695673076923077,4.852532343093004
350,DIV,433,1.9607390300230947,1.9652777777777777
351,DIV,432,1.9652777777777777,28.945497630331754
352,DIV,1,27.0,27.0
353,A,0,27.0,0
354,DIV,0,0.0,0
355,DIV,422,1.9454976303317535,1.9501187648456058
356,SPAN,421,1.9501187648456058,1.9547619047619047
357,DIV,420,1.9547619047619047,8.96369450195537
358,DIV,175,2.5828571428571427,12.563953488372093
359,DIV,1,10.0,10.0
360,SPAN,0,10.0,0
361,UL,172,2.563953488372093,128.97831704302888
362,LI,3,8.333333333333334,12.5
363,SPAN,2,12.5,25.0
364,A,1,25.0,25.0
365,SPAN,0,25.0,0
366,LI,3,6.666666666666667,10.0
367,SPAN,2,10.0,20.0
368,A,1,20.0,20.0
369,SPAN,0,20.0,0
370,LI,43,0.18604651162790697,0.19047619047619047
371,SPAN,42,0.19047619047619047,0.1951219512195122
372,DIV,41,0.1951219512195122,43.270270270270274
373,DIV,37,39.270270270270274,39.30555555555556
374,UL,36,39.30555555555556,240.33333333333331
375,LI,3,26.333333333333332,39.5
376,SPAN,2,39.5,48.0
377,A,1,48.0,23.0
378,SPAN,0,23.0,0
379,LI,3,28.0,42.0
380,SPAN,2,42.0,53.0
381,A,1,53.0,28.0
382,SPAN,0,28.0,0
383,LI,3,25.0,37.5
384,SPAN,2,37.5,44.0
385,A,1,44.0,19.0
386,SPAN,0,19.0,0
387,LI,3,28.0,42.0
388,SPAN,2,42.0,53.0
389,A,1,53.0,28.0
390,SPAN,0,28.0,0
391,LI,3,25.666666666666668,38.5
392,SPAN,2,38.5,46.0
393,A,1,46.0,21.0
394,SPAN,0,21.0,0
395,LI,3,30.666666666666668,46.0
396,SPAN,2,46.0,61.0
397,A,1,61.0,36.0
398,SPAN,0,36.0,0
399,LI,3,26.666666666666668,40.0
400,SPAN,2,40.0,49.0
401,A,1,49.0,24.0
402,SPAN,0,24.0,0
403,LI,3,25.0,37.5
404,SPAN,2,37.5,44.0
405,A,1,44.0,19.0
406,SPAN,0,19.0,0
407,LI,3,25.0,37.5
408,SPAN,2,37.5,44.0
409,A,1,44.0,19.0
410,SPAN,0,19.0,0
411,A,2,4.0,8.0
412,I,0,0.0,0
413,SPAN,0,8.0,0
414,LI,3,3.6666666666666665,5.5
415,SPAN,2,5.5,11.0
416,A,1,11.0,11.0
417,SPAN,0,11.0,0
418,LI,3,12.666666666666666,19.0
419,SPAN,2,19.0,38.0
420,A,1,38.0,38.0
421,SPAN,0,38.0,0
422,LI,3,1.6666666666666667,2.5
423,SPAN,2,2.5,5.0
424,A,1,5.0,5.0
425,SPAN,0,5.0,0
426,LI,3,4.333333333333333,6.5
427,SPAN,2,6.5,13.0
428,A,1,13.0,13.0
429,SPAN,0,13.0,0
430,LI,3,9.0,13.5
431,SPAN,2,13.5,27.0
432,A,1,27.0,27.0
433,SPAN,0,27.0,0
434,LI,3,8.333333333333334,12.5
435,SPAN,2,12.5,25.0
436,A,1,25.0,25.0
437,SPAN,0,25.0,0
438,LI,3,9.666666666666666,14.5
439,SPAN,2,14.5,29.0
440,A,1,29.0,29.0
441,SPAN,0,29.0,0
442,LI,3,11.333333333333334,17.0
443,SPAN,2,17.0,34.0
444,A,1,34.0,34.0
445,SPAN,0,34.0,0
446,LI,23,0.34782608695652173,0.36363636363636365
447,SPAN,22,0.36363636363636365,0.38095238095238093
448,DIV,21,0.38095238095238093,44.88235294117647
449,DIV,17,40.88235294117647,41.0625
450,UL,16,41.0625,107.66666666666666
451,LI,3,27.333333333333332,41.0
452,SPAN,2,41.0,51.0
453,A,1,51.0,26.0
454,SPAN,0,26.0,0
455,LI,3,28.0,42.0
456,SPAN,2,42.0,53.0
457,A,1,53.0,28.0
458,SPAN,0,28.0,0
459,LI,3,26.0,39.0
460,SPAN,2,39.0,47.0
461,A,1,47.0,22.0
462,SPAN,0,22.0,0
463,LI,3,26.333333333333332,39.5
464,SPAN,2,39.5,48.0
465,A,1,48.0,23.0
466,SPAN,0,23.0,0
467,A,2,4.0,8.0
468,I,0,0.0,0
469,SPAN,0,8.0,0
470,LI,3,7.666666666666667,11.5
471,SPAN,2,11.5,23.0
472,A,1,23.0,23.0
473,SPAN,0,23.0,0
474,LI,3,7.0,10.5
475,SPAN,2,10.5,21.0
476,A,1,21.0,21.0
477,SPAN,0,21.0,0
478,LI,3,4.0,6.0
479,SPAN,2,6.0,12.0
480,A,1,12.0,12.0
481,SPAN,0,12.0,0
482,LI,3,6.0,9.0
483,SPAN,2,9.0,18.0
484,A,1,18.0,18.0
485,SPAN,0,18.0,0
486,LI,3,5.666666666666667,8.5
487,SPAN,2,8.5,17.0
488,A,1,17.0,17.0
489,SPAN,0,17.0,0
490,LI,3,4.333333333333333,6.5
491,SPAN,2,6.5,13.0
492,A,1,13.0,13.0
493,SPAN,0,13.0,0
494,LI,3,6.666666666666667,10.0
495,SPAN,2,10.0,20.0
496,A,1,20.0,20.0
497,SPAN,0,20.0,0
498,LI,3,5.333333333333333,8.0
499,SPAN,2,8.0,16.0
500,A,1,16.0,16.0
501,SPAN,0,16.0,0
502,LI,3,5.333333333333333,8.0
503,SPAN,2,8.0,16.0
504,A,1,16.0,16.0
505,SPAN,0,16.0,0
506,LI,27,0.7777777777777778,0.8076923076923077
507,SPAN,26,0.8076923076923077,0.84
508,DIV,25,0.84,47.595238095238095
509,DIV,21,37.095238095238095,37.05
510,UL,20,37.05,127.0
511,LI,3,23.666666666666668,35.5
512,SPAN,2,35.5,40.0
513,A,1,40.0,15.0
514,SPAN,0,15.0,0
515,LI,3,25.333333333333332,38.0
516,SPAN,2,38.0,45.0
517,A,1,45.0,20.0
518,SPAN,0,20.0,0
519,LI,3,22.0,33.0
520,SPAN,2,33.0,35.0
521,A,1,35.0,10.0
522,SPAN,0,10.0,0
523,LI,3,29.666666666666668,44.5
524,SPAN,2,44.5,58.0
525,A,1,58.0,33.0
526,SPAN,0,33.0,0
527,LI,3,26.333333333333332,39.5
528,SPAN,2,39.5,48.0
529,A,1,48.0,23.0
530,SPAN,0,23.0,0
531,A,2,10.5,21.0
532,I,0,0.0,0
533,SPAN,0,21.0,0
534,DIV,27,3.5185185185185186,23.083333333333332
535,DIV,1,20.0,20.0
536,SPAN,0,20.0,0
537,UL,24,3.0833333333333335,14.200000000000001
538,LI,5,3.6,4.5
539,SPAN,4,4.5,6.0
540,A,3,6.0,16.0
541,I,1,12.0,12.0
542,SPAN,0,12.0,0
543,SPAN,0,4.0,0
544,LI,5,3.6,4.5
545,SPAN,4,4.5,6.0
546,A,3,6.0,16.0
547,I,1,12.0,12.0
548,SPAN,0,12.0,0
549,SPAN,0,4.0,0
550,LI,5,3.6,4.5
551,SPAN,4,4.5,6.0
552,A,3,6.0,16.0
553,I,1,12.0,12.0
554,SPAN,0,12.0,0
555,SPAN,0,4.0,0
556,LI,5,3.4,4.25
557,SPAN,4,4.25,5.666666666666667
558,A,3,5.666666666666667,15.0
559,I,1,11.0,11.0
560,SPAN,0,11.0,0
561,SPAN,0,4.0,0
562,DIV,138,0.8623188405797102,5.837037037037037
563,DIV,1,5.0,5.0
564,SPAN,0,5.0,0
565,UL,135,0.837037037037037,12.375
566,LI,8,0.625,0.7142857142857143
567,SPAN,7,0.7142857142857143,0.8333333333333334
568,A,6,0.8333333333333334,1.0
569,DIV,5,1.0,1.25
570,LABEL,4,1.25,5.0
571,INPUT,0,0.0,0
572,I,0,0.0,0
573,SPAN,1,5.0,5.0
574,SPAN,0,5.0,0
575,LI,8,0.5,0.5714285714285714
576,SPAN,7,0.5714285714285714,0.6666666666666666
577,A,6,0.6666666666666666,0.8
578,DIV,5,0.8,1.0
579,LABEL,4,1.0,4.0
580,INPUT,0,0.0,0
581,I,0,0.0,0
582,SPAN,1,4.0,4.0
583,SPAN,0,4.0,0
584,LI,8,0.375,0.42857142857142855
585,SPAN,7,0.42857142857142855,0.5
586,A,6,0.5,0.6
587,DIV,5,0.6,0.75
588,LABEL,4,0.75,3.0
589,INPUT,0,0.0,0
590,I,0,0.0,0
591,SPAN,1,3.0,3.0
592,SPAN,0,3.0,0
593,LI,8,1.5,1.7142857142857142
594,SPAN,7,1.7142857142857142,2.0
595,A,6,2.0,2.4
596,DIV,5,2.4,3.0
597,LABEL,4,3.0,12.0
598,INPUT,0,0.0,0
599,I,0,0.0,0
600,SPAN,1,12.0,12.0
601,SPAN,0,12.0,0
602,LI,8,0.75,0.8571428571428571
603,SPAN,7,0.8571428571428571,1.0
604,A,6,1.0,1.2
605,DIV,5,1.2,1.5
606,LABEL,4,1.5,6.0
607,INPUT,0,0.0,0
608,I,0,0.0,0
609,SPAN,1,6.0,6.0
610,SPAN,0,6.0,0
611,LI,8,0.75,0.8571428571428571
612,SPAN,7,0.8571428571428571,1.0
613,A,6,1.0,1.2
614,DIV,5,1.2,1.5
615,LABEL,4,1.5,6.0
616,INPUT,0,0.0,0
617,I,0,0.0,0
618,SPAN,1,6.0,6.0
619,SPAN,0,6.0,0
620,LI,8,1.0,1.1428571428571428
621,SPAN,7,1.1428571428571428,1.3333333333333333
622,A,6,1.3333333333333333,1.6
623,DIV,5,1.6,2.0
624,LABEL,4,2.0,8.0
625,INPUT,0,0.0,0
626,I,0,0.0,0
627,SPAN,1,8.0,8.0
628,SPAN,0,8.0,0
629,LI,8,0.625,0.7142857142857143
630,SPAN,7,0.7142857142857143,0.8333333333333334
631,A,6,0.8333333333333334,1.0
632,DIV,5,1.0,1.25
633,LABEL,4,1.25,5.0
634,INPUT,0,0.0,0
635,I,0,0.0,0
636,SPAN,1,5.0,5.0
637,SPAN,0,5.0,0
638,LI,8,0.875,1.0
639,SPAN,7,1.0,1.1666666666666667
640,A,6,1.1666666666666667,1.4
641,DIV,5,1.4,1.75
642,LABEL,4,1.75,7.0
643,INPUT,0,0.0,0
644,I,0,0.0,0
645,SPAN,1,7.0,7.0
646,SPAN,0,7.0,0
647,LI,8,0.75,0.8571428571428571
648,SPAN,7,0.8571428571428571,1.0
649,A,6,1.0,1.2
650,DIV,5,1.2,1.5
651,LABEL,4,1.5,6.0
652,INPUT,0,0.0,0
653,I,0,0.0,0
654,SPAN,1,6.0,6.0
655,SPAN,0,6.0,0
656,LI,8,1.25,1.4285714285714286
657,SPAN,7,1.4285714285714286,1.6666666666666667
658,A,6,1.6666666666666667,2.0
659,DIV,5,2.0,2.5
660,LABEL,4,2.5,10.0
661,INPUT,0,0.0,0
662,I,0,0.0,0
663,SPAN,1,10.0,10.0
664,SPAN,0,10.0,0
665,LI,8,0.875,1.0
666,SPAN,7,1.0,1.1666666666666667
667,A,6,1.1666666666666667,1.4
668,DIV,5,1.4,1.75
669,LABEL,4,1.75,7.0
670,INPUT,0,0.0,0
671,I,0,0.0,0
672,SPAN,1,7.0,7.0
673,SPAN,0,7.0,0
674,LI,8,1.0,1.1428571428571428
675,SPAN,7,1.1428571428571428,1.3333333333333333
676,A,6,1.3333333333333333,1.6
677,DIV,5,1.6,2.0
678,LABEL,4,2.0,8.0
679,INPUT,0,0.0,0
680,I,0,0.0,0
681,SPAN,1,8.0,8.0
682,SPAN,0,8.0,0
683,LI,8,0.875,1.0
684,SPAN,7,1.0,1.1666666666666667
685,A,6,1.1666666666666667,1.4
686,DIV,5,1.4,1.75
687,LABEL,4,1.75,7.0
688,INPUT,0,0.0,0
689,I,0,0.0,0
690,SPAN,1,7.0,7.0
691,SPAN,0,7.0,0
692,LI,8,0.625,0.7142857142857143
693,SPAN,7,0.7142857142857143,0.8333333333333334
694,A,6,0.8333333333333334,1.0
695,DIV,5,1.0,1.25
696,LABEL,4,1.25,5.0
697,INPUT,0,0.0,0
698,I,0,0.0,0
699,SPAN,1,5.0,5.0
700,SPAN,0,5.0,0
701,DIV,76,2.0,72.88095238095238
702,DIV,1,23.0,23.0
703,SPAN,0,23.0,0
704,UL,42,1.5476190476190477,8.285714285714285
705,LI,7,1.7142857142857142,2.0
706,SPAN,6,2.0,2.4
707,DIV,5,2.4,3.0
708,LABEL,4,3.0,12.0
709,INPUT,0,0.0,0
710,I,0,0.0,0
711,SPAN,1,12.0,12.0
712,SPAN,0,12.0,0
713,LI,8,1.375,1.5714285714285714
714,SPAN,7,1.5714285714285714,1.8333333333333333
715,A,6,1.8333333333333333,2.2
716,DIV,5,2.2,2.75
717,LABEL,4,2.75,11.0
718,INPUT,0,0.0,0
719,I,0,0.0,0
720,SPAN,1,11.0,11.0
721,SPAN,0,11.0,0
722,LI,8,1.625,1.8571428571428572
723,SPAN,7,1.8571428571428572,2.1666666666666665
724,A,6,2.1666666666666665,2.6
725,DIV,5,2.6,3.25
726,LABEL,4,3.25,13.0
727,INPUT,0,0.0,0
728,I,0,0.0,0
729,SPAN,1,13.0,13.0
730,SPAN,0,13.0,0
731,LI,7,1.5714285714285714,1.8333333333333333
732,SPAN,6,1.8333333333333333,2.2
733,DIV,5,2.2,2.75
734,LABEL,4,2.75,11.0
735,INPUT,0,0.0,0
736,I,0,0.0,0
737,SPAN,1,11.0,11.0
738,SPAN,0,11.0,0
739,LI,7,2.0,2.3333333333333335
740,SPAN,6,2.3333333333333335,2.8
741,DIV,5,2.8,3.5
742,LABEL,4,3.5,14.0
743,INPUT,0,0.0,0
744,I,0,0.0,0
745,SPAN,1,14.0,14.0
746,SPAN,0,14.0,0
747,DIV,1,11.0,11.0
748,SPAN,0,11.0,0
749,UL,5,0.0,0.0
750,LI,4,0.0,0.0
751,SPAN,3,0.0,0.0
752,A,2,0.0,0.0
753,SPAN,1,0.0,0.0
754,DIV,0,0.0,0
755,DIV,1,27.0,27.0
756,SPAN,0,27.0,0
757,UL,9,0.3333333333333333,0.375
758,LI,8,0.375,0.42857142857142855
759,SPAN,7,0.42857142857142855,0.5
760,A,6,0.5,0.6
761,DIV,5,0.6,0.75
762,LABEL,4,0.75,3.0
763,INPUT,0,0.0,0
764,I,0,0.0,0
765,SPAN,1,3.0,3.0
766,SPAN,0,3.0,0
767,DIV,1,9.0,9.0
768,SPAN,0,9.0,0
769,UL,8,1.0,2.333333333333333
770,LI,3,1.0,1.5
771,SPAN,2,1.5,3.0
772,A,1,3.0,3.0
773,SPAN,0,3.0,0
774,LI,3,1.3333333333333333,2.0
775,SPAN,2,2.0,4.0
776,A,1,4.0,4.0
777,SPAN,0,4.0,0
778,SPAN,5,0.0,48.5
779,DIV,4,48.5,11.333333333333334
780,DIV,3,11.333333333333334,11.0
781,IFRAME,0,0.0,0
782,DIV,1,11.0,11.0
783,A,0,11.0,0
784,DIV,1645,2.891793313069909,2.8935523114355233
785,DIV,1644,2.8935523114355233,31.179987274387518
786,DIV,0,0.0,0
787,SPAN,0,0.0,0
788,SPAN,0,0.0,0
789,SPAN,1548,2.9741602067183464,17.98186528497409
790,DIV,1544,2.981865284974093,65.57182691721748
791,DIV,77,3.7142857142857144,3.763157894736842
792,DIV,76,3.763157894736842,3.8133333333333335
793,DIV,75,3.8133333333333335,3.864864864864865
794,DIV,74,3.864864864864865,3.9178082191780823
795,DIV,73,3.9178082191780823,3.9722222222222223
796,DIV,72,3.9722222222222223,4.144927536231884
797,DIV,1,0.0,0.0
798,DIV,0,0.0,0
799,DIV,69,4.144927536231884,4.688524590163935
800,DIV,6,0.0,0.0
801,DIV,5,0.0,0.0
802,DIV,4,0.0,0.0
803,SPAN,3,0.0,0.0
804,A,2,0.0,0.0
805,DIV,1,0.0,0.0
806,IMG,0,0.0,0
807,DIV,61,4.688524590163935,4.766666666666667
808,DIV,60,4.766666666666667,10.499231950844854
809,DIV,31,6.451612903225806,6.666666666666667
810,DIV,30,6.666666666666667,6.896551724137931
811,DIV,29,6.896551724137931,12.652941176470588
812,DIV,17,10.352941176470589,131.4
813,SPAN,0,9.0,0
814,SPAN,1,0.0,0.0
815,SPAN,0,0.0,0
816,DIV,10,39.9,151.25
817,SPAN,0,54.0,0
818,DIV,3,58.0,168.0
819,SPAN,0,51.0,0
820,A,1,117.0,36.0
821,SPAN,0,36.0,0
822,DIV,4,39.25,73.5
823,SPAN,0,0.0,0
824,SPAN,2,73.5,81.0
825,A,1,81.0,0.0
826,SPAN,0,0.0,0
827,H2,2,82.5,165.0
828,A,1,165.0,165.0
829,SPAN,0,165.0,0
830,DIV,10,2.3,2.5555555555555554
831,DIV,9,2.5555555555555554,5.5
832,SPAN,5,4.0,5.0
833,SPAN,4,5.0,6.0
834,A,3,6.0,18.0
835,I,1,18.0,18.0
836,SPAN,0,18.0,0
837,I,0,0.0,0
838,SPAN,2,1.5,3.0
839,A,1,3.0,3.0
840,SPAN,0,3.0,0
841,DIV,21,4.0476190476190474,4.722222222222222
842,DIV,18,4.722222222222222,5.0
843,DIV,17,5.0,15.1
844,DIV,10,1.7,1.8888888888888888
845,DIV,9,1.8888888888888888,2.125
846,DIV,8,2.125,2.4285714285714284
847,A,7,2.4285714285714284,2.8333333333333335
848,SPAN,6,2.8333333333333335,9.25
849,SPAN,0,7.0,0
850,SPAN,4,2.25,8.0
851,SPAN,0,1.0,0
852,SPAN,1,5.0,1.0
853,SPAN,0,1.0,0
854,SPAN,0,2.0,0
855,DIV,5,13.4,49.0
856,DIV,1,32.0,32.0
857,SPAN,0,32.0,0
858,DIV,2,17.0,34.0
859,SPAN,1,34.0,34.0
860,SPAN,0,34.0,0
861,DIV,1,0.0,0.0
862,DIV,0,0.0,0
863,DIV,2,0.0,0.0
864,DIV,1,0.0,0.0
865,DIV,0,0.0,0
866,DIV,2,0.0,0.0
867,DIV,1,0.0,0.0
868,DIV,0,0.0,0
869,DIV,85,2.788235294117647,2.8214285714285716
870,DIV,84,2.8214285714285716,2.855421686746988
871,DIV,83,2.855421686746988,2.8902439024390243
872,DIV,82,2.8902439024390243,4.566534914361001
873,DIV,11,1.3636363636363635,1.5
874,DIV,10,1.5,1.6666666666666667
875,SPAN,9,1.6666666666666667,1.875
876,A,8,1.875,2.142857142857143
877,SPAN,7,2.142857142857143,2.5
878,DIV,6,2.5,3.0
879,SPAN,5,3.0,17.0
880,SPAN,3,5.0,7.5
881,SPAN,2,7.5,15.0
882,SPAN,0,9.0,0
883,SPAN,0,6.0,0
884,SPAN,0,12.0,0
885,DIV,69,3.2028985507246377,3.622950819672131
886,DIV,6,0.0,0.0
887,DIV,5,0.0,0.0
888,DIV,4,0.0,0.0
889,SPAN,3,0.0,0.0
890,A,2,0.0,0.0
891,DIV,1,0.0,0.0
892,IMG,0,0.0,0
893,DIV,61,3.622950819672131,3.683333333333333
894,DIV,60,3.683333333333333,8.52436974789916
895,DIV,17,4.352941176470588,4.625
896,DIV,16,4.625,4.933333333333334
897,DIV,15,4.933333333333334,19.2
898,DIV,3,17.0,25.5
899,H2,2,25.5,51.0
900,A,1,51.0,51.0
901,SPAN,0,51.0,0
902,DIV,10,2.2,2.4444444444444446
903,DIV,9,2.4444444444444446,5.0
904,SPAN,5,4.0,5.0
905,SPAN,4,5.0,6.0
906,A,3,6.0,18.0
907,I,1,18.0,18.0
908,SPAN,0,18.0,0
909,I,0,0.0,0
910,SPAN,2,1.0,2.0
911,A,1,2.0,2.0
912,SPAN,0,2.0,0
913,DIV,35,4.171428571428572,4.5625
914,DIV,32,4.5625,4.709677419354839
915,DIV,31,4.709677419354839,22.566666666666666
916,DIV,17,2.0,2.125
917,DIV,16,2.125,2.2666666666666666
918,DIV,15,2.2666666666666666,2.4285714285714284
919,A,14,2.4285714285714284,5.333333333333334
920,SPAN,6,2.8333333333333335,9.25
921,SPAN,0,7.0,0
922,SPAN,4,2.25,8.0
923,SPAN,0,1.0,0
924,SPAN,1,5.0,1.0
925,SPAN,0,1.0,0
926,SPAN,0,2.0,0
927,SPAN,6,2.5,8.75
928,SPAN,0,7.0,0
929,SPAN,4,1.75,7.0
930,SPAN,0,1.0,0
931,SPAN,1,4.0,1.0
932,SPAN,0,1.0,0
933,SPAN,0,2.0,0
934,DIV,5,13.4,49.0
935,DIV,1,32.0,32.0
936,SPAN,0,32.0,0
937,DIV,2,17.0,34.0
938,SPAN,1,34.0,34.0
939,SPAN,0,34.0,0
940,DIV,6,7.166666666666667,8.6
941,DIV,5,8.6,41.0
942,SPAN,0,19.0,0
943,BR,0,0.0,0
944,SPAN,0,7.0,0
945,SPAN,0,0.0,0
946,A,0,15.0,0
947,DIV,1,0.0,0.0
948,DIV,0,0.0,0
949,DIV,2,0.0,0.0
950,DIV,1,0.0,0.0
951,DIV,0,0.0,0
952,DIV,2,0.0,0.0
953,DIV,1,0.0,0.0
954,DIV,0,0.0,0
955,DIV,66,1.9393939393939394,1.9692307692307693
956,DIV,65,1.9692307692307693,2.0
957,DIV,64,2.0,2.0317460317460316
958,DIV,63,2.0317460317460316,2.1333333333333333
959,DIV,1,0.0,0.0
960,DIV,0,0.0,0
961,DIV,60,2.1333333333333333,2.4615384615384617
962,DIV,6,0.0,0.0
963,DIV,5,0.0,0.0
964,DIV,4,0.0,0.0
965,SPAN,3,0.0,0.0
966,A,2,0.0,0.0
967,DIV,1,0.0,0.0
968,IMG,0,0.0,0
969,DIV,52,2.4615384615384617,2.5098039215686274
970,DIV,51,2.5098039215686274,6.493212669683258
971,DIV,17,4.647058823529412,4.9375
972,DIV,16,4.9375,5.266666666666667
973,DIV,15,5.266666666666667,20.633333333333333
974,DIV,3,18.333333333333332,27.5
975,H2,2,27.5,55.0
976,A,1,55.0,55.0
977,SPAN,0,55.0,0
978,DIV,10,2.3,2.5555555555555554
979,DIV,9,2.5555555555555554,5.5
980,SPAN,5,4.0,5.0
981,SPAN,4,5.0,6.0
982,A,3,6.0,18.0
983,I,1,18.0,18.0
984,SPAN,0,18.0,0
985,I,0,0.0,0
986,SPAN,2,1.5,3.0
987,A,1,3.0,3.0
988,SPAN,0,3.0,0
989,DIV,26,1.8461538461538463,2.0869565217391304
990,DIV,23,2.0869565217391304,2.1818181818181817
991,DIV,22,2.1818181818181817,6.333333333333333
992,DIV,17,2.0,2.125
993,DIV,16,2.125,2.2666666666666666
994,DIV,15,2.2666666666666666,2.4285714285714284
995,A,14,2.4285714285714284,5.333333333333334
996,SPAN,6,2.8333333333333335,9.25
997,SPAN,0,7.0,0
998,SPAN,4,2.25,8.0
999,SPAN,0,1.0,0
1000,SPAN,1,5.0,1.0
1001,SPAN,0,1.0,0
1002,SPAN,0,2.0,0
1003,SPAN,6,2.5,8.75
1004,SPAN,0,7.0,0
1005,SPAN,4,1.75,7.0
1006,SPAN,0,1.0,0
1007,SPAN,1,4.0,1.0
1008,SPAN,0,1.0,0
1009,SPAN,0,2.0,0
1010,DIV,3,4.333333333333333,6.5
1011,DIV,2,6.5,13.0
1012,SPAN,1,13.0,13.0
1013,SPAN,0,13.0,0
1014,DIV,1,0.0,0.0
1015,DIV,0,0.0,0
1016,DIV,2,0.0,0.0
1017,DIV,1,0.0,0.0
1018,DIV,0,0.0,0
1019,DIV,2,0.0,0.0
1020,DIV,1,0.0,0.0
1021,DIV,0,0.0,0
1022,DIV,65,2.769230769230769,2.8125
1023,DIV,64,2.8125,2.857142857142857
1024,DIV,63,2.857142857142857,2.903225806451613
1025,DIV,62,2.903225806451613,3.0508474576271185
1026,DIV,1,0.0,0.0
1027,DIV,0,0.0,0
1028,DIV,59,3.0508474576271185,3.5294117647058822
1029,DIV,6,0.0,0.0
1030,DIV,5,0.0,0.0
1031,DIV,4,0.0,0.0
1032,SPAN,3,0.0,0.0
1033,A,2,0.0,0.0
1034,DIV,1,0.0,0.0
1035,IMG,0,0.0,0
1036,DIV,51,3.5294117647058822,3.6
1037,DIV,50,3.6,8.76
1038,DIV,17,5.0,5.3125
1039,DIV,16,5.3125,5.666666666666667
1040,DIV,15,5.666666666666667,22.633333333333333
1041,DIV,3,20.333333333333332,30.5
1042,H2,2,30.5,61.0
1043,A,1,61.0,61.0
1044,SPAN,0,61.0,0
1045,DIV,10,2.3,2.5555555555555554
1046,DIV,9,2.5555555555555554,5.5
1047,SPAN,5,4.0,5.0
1048,SPAN,4,5.0,6.0
1049,A,3,6.0,18.0
1050,I,1,18.0,18.0
1051,SPAN,0,18.0,0
1052,I,0,0.0,0
1053,SPAN,2,1.5,3.0
1054,A,1,3.0,3.0
1055,SPAN,0,3.0,0
1056,DIV,25,3.76,4.2727272727272725
1057,DIV,22,4.2727272727272725,4.476190476190476
1058,DIV,21,4.476190476190476,24.866666666666667
1059,DIV,10,1.7,1.8888888888888888
1060,DIV,9,1.8888888888888888,2.125
1061,DIV,8,2.125,2.4285714285714284
1062,A,7,2.4285714285714284,2.8333333333333335
1063,SPAN,6,2.8333333333333335,9.25
1064,SPAN,0,7.0,0
1065,SPAN,4,2.25,8.0
1066,SPAN,0,1.0,0
1067,SPAN,1,5.0,1.0
1068,SPAN,0,1.0,0
1069,SPAN,0,2.0,0
1070,DIV,2,16.0,32.0
1071,DIV,1,32.0,32.0
1072,SPAN,0,32.0,0
1073,DIV,6,7.166666666666667,8.6
1074,DIV,5,8.6,41.0
1075,SPAN,0,19.0,0
1076,BR,0,0.0,0
1077,SPAN,0,7.0,0
1078,SPAN,0,0.0,0
1079,A,0,15.0,0
1080,DIV,1,0.0,0.0
1081,DIV,0,0.0,0
1082,DIV,2,0.0,0.0
1083,DIV,1,0.0,0.0
1084,DIV,0,0.0,0
1085,DIV,2,0.0,0.0
1086,DIV,1,0.0,0.0
1087,DIV,0,0.0,0
1088,DIV,72,3.0277777777777777,3.0704225352112675
1089,DIV,71,3.0704225352112675,3.1142857142857143
1090,DIV,70,3.1142857142857143,3.1594202898550723
1091,DIV,69,3.1594202898550723,3.303030303030303
1092,DIV,1,0.0,0.0
1093,DIV,0,0.0,0
1094,DIV,66,3.303030303030303,3.7586206896551726
1095,DIV,6,0.0,0.0
1096,DIV,5,0.0,0.0
1097,DIV,4,0.0,0.0
1098,SPAN,3,0.0,0.0
1099,A,2,0.0,0.0
1100,DIV,1,0.0,0.0
1101,IMG,0,0.0,0
1102,DIV,58,3.7586206896551726,3.824561403508772
1103,DIV,57,3.824561403508772,9.511029411764707
1104,DIV,17,5.823529411764706,6.1875
1105,DIV,16,6.1875,6.6
1106,DIV,15,6.6,26.833333333333332
1107,DIV,3,24.333333333333332,36.5
1108,H2,2,36.5,73.0
1109,A,1,73.0,73.0
1110,SPAN,0,73.0,0
1111,DIV,10,2.5,2.7777777777777777
1112,DIV,9,2.7777777777777777,6.5
1113,SPAN,5,4.0,5.0
1114,SPAN,4,5.0,6.0
1115,A,3,6.0,18.0
1116,I,1,18.0,18.0
1117,SPAN,0,18.0,0
1118,I,0,0.0,0
1119,SPAN,2,2.5,5.0
1120,A,1,5.0,5.0
1121,SPAN,0,5.0,0
1122,DIV,32,3.6875,4.068965517241379
1123,DIV,29,4.068965517241379,4.214285714285714
1124,DIV,28,4.214285714285714,26.333333333333336
1125,DIV,17,2.0,2.125
1126,DIV,16,2.125,2.2666666666666666
1127,DIV,15,2.2666666666666666,2.4285714285714284
1128,A,14,2.4285714285714284,5.333333333333334
1129,SPAN,6,2.8333333333333335,9.25
1130,SPAN,0,7.0,0
1131,SPAN,4,2.25,8.0
1132,SPAN,0,1.0,0
1133,SPAN,1,5.0,1.0
1134,SPAN,0,1.0,0
1135,SPAN,0,2.0,0
1136,SPAN,6,2.5,8.75
1137,SPAN,0,7.0,0
1138,SPAN,4,1.75,7.0
1139,SPAN,0,1.0,0
1140,SPAN,1,4.0,1.0
1141,SPAN,0,1.0,0
1142,SPAN,0,2.0,0
1143,DIV,2,16.0,32.0
1144,DIV,1,32.0,32.0
1145,SPAN,0,32.0,0
1146,DIV,6,8.333333333333334,10.0
1147,DIV,5,10.0,48.0
1148,SPAN,0,19.0,0
1149,BR,0,0.0,0
1150,SPAN,0,7.0,0
1151,SPAN,0,0.0,0
1152,A,0,22.0,0
1153,DIV,1,0.0,0.0
1154,DIV,0,0.0,0
1155,DIV,2,0.0,0.0
1156,DIV,1,0.0,0.0
1157,DIV,0,0.0,0
1158,DIV,2,0.0,0.0
1159,DIV,1,0.0,0.0
1160,DIV,0,0.0,0
1161,DIV,75,3.08,3.1216216216216215
1162,DIV,74,3.1216216216216215,3.164383561643836
1163,DIV,73,3.164383561643836,3.2083333333333335
1164,DIV,72,3.2083333333333335,3.347826086956522
1165,DIV,1,0.0,0.0
1166,DIV,0,0.0,0
1167,DIV,69,3.347826086956522,3.7868852459016393
1168,DIV,6,0.0,0.0
1169,DIV,5,0.0,0.0
1170,DIV,4,0.0,0.0
1171,SPAN,3,0.0,0.0
1172,A,2,0.0,0.0
1173,DIV,1,0.0,0.0
1174,IMG,0,0.0,0
1175,DIV,61,3.7868852459016393,3.85
1176,DIV,60,3.85,9.112605042016806
1177,DIV,17,4.9411764705882355,5.25
1178,DIV,16,5.25,5.6
1179,DIV,15,5.6,22.3
1180,DIV,3,20.0,30.0
1181,H2,2,30.0,60.0
1182,A,1,60.0,60.0
1183,SPAN,0,60.0,0
1184,DIV,10,2.3,2.5555555555555554
1185,DIV,9,2.5555555555555554,5.5
1186,SPAN,5,4.0,5.0
1187,SPAN,4,5.0,6.0
1188,A,3,6.0,18.0
1189,I,1,18.0,18.0
1190,SPAN,0,18.0,0
1191,I,0,0.0,0
1192,SPAN,2,1.5,3.0
1193,A,1,3.0,3.0
1194,SPAN,0,3.0,0
1195,DIV,35,4.171428571428572,4.5625
1196,DIV,32,4.5625,4.709677419354839
1197,DIV,31,4.709677419354839,22.566666666666666
1198,DIV,17,2.0,2.125
1199,DIV,16,2.125,2.2666666666666666
1200,DIV,15,2.2666666666666666,2.4285714285714284
1201,A,14,2.4285714285714284,5.333333333333334
1202,SPAN,6,2.8333333333333335,9.25
1203,SPAN,0,7.0,0
1204,SPAN,4,2.25,8.0
1205,SPAN,0,1.0,0
1206,SPAN,1,5.0,1.0
1207,SPAN,0,1.0,0
1208,SPAN,0,2.0,0
1209,SPAN,6,2.5,8.75
1210,SPAN,0,7.0,0
1211,SPAN,4,1.75,7.0
1212,SPAN,0,1.0,0
1213,SPAN,1,4.0,1.0
1214,SPAN,0,1.0,0
1215,SPAN,0,2.0,0
1216,DIV,5,13.4,49.0
1217,DIV,1,32.0,32.0
1218,SPAN,0,32.0,0
1219,DIV,2,17.0,34.0
1220,SPAN,1,34.0,34.0
1221,SPAN,0,34.0,0
1222,DIV,6,7.166666666666667,8.6
1223,DIV,5,8.6,41.0
1224,SPAN,0,19.0,0
1225,BR,0,0.0,0
1226,SPAN,0,7.0,0
1227,SPAN,0,0.0,0
1228,A,0,15.0,0
1229,DIV,1,0.0,0.0
1230,DIV,0,0.0,0
1231,DIV,2,0.0,0.0
1232,DIV,1,0.0,0.0
1233,DIV,0,0.0,0
1234,DIV,2,0.0,0.0
1235,DIV,1,0.0,0.0
1236,DIV,0,0.0,0
1237,DIV,68,2.588235294117647,2.626865671641791
1238,DIV,67,2.626865671641791,2.6666666666666665
1239,DIV,66,2.6666666666666665,2.707692307692308
1240,DIV,65,2.707692307692308,2.838709677419355
1241,DIV,1,0.0,0.0
1242,DIV,0,0.0,0
1243,DIV,62,2.838709677419355,3.259259259259259
1244,DIV,6,0.0,0.0
1245,DIV,5,0.0,0.0
1246,DIV,4,0.0,0.0
1247,SPAN,3,0.0,0.0
1248,A,2,0.0,0.0
1249,DIV,1,0.0,0.0
1250,IMG,0,0.0,0
1251,DIV,54,3.259259259259259,3.3207547169811322
1252,DIV,53,3.3207547169811322,8.168067226890756
1253,DIV,17,4.882352941176471,5.1875
1254,DIV,16,5.1875,5.533333333333333
1255,DIV,15,5.533333333333333,22.2
1256,DIV,3,20.0,30.0
1257,H2,2,30.0,60.0
1258,A,1,60.0,60.0
1259,SPAN,0,60.0,0
1260,DIV,10,2.2,2.4444444444444446
1261,DIV,9,2.4444444444444446,5.0
1262,SPAN,5,4.0,5.0
1263,SPAN,4,5.0,6.0
1264,A,3,6.0,18.0
1265,I,1,18.0,18.0
1266,SPAN,0,18.0,0
1267,I,0,0.0,0
1268,SPAN,2,1.0,2.0
1269,A,1,2.0,2.0
1270,SPAN,0,2.0,0
1271,DIV,28,3.2857142857142856,3.68
1272,DIV,25,3.68,3.8333333333333335
1273,DIV,24,3.8333333333333335,13.4
1274,DIV,17,2.0,2.125
1275,DIV,16,2.125,2.2666666666666666
1276,DIV,15,2.2666666666666666,2.4285714285714284
1277,A,14,2.4285714285714284,5.333333333333334
1278,SPAN,6,2.8333333333333335,9.25
1279,SPAN,0,7.0,0
1280,SPAN,4,2.25,8.0
1281,SPAN,0,1.0,0
1282,SPAN,1,5.0,1.0
1283,SPAN,0,1.0,0
1284,SPAN,0,2.0,0
1285,SPAN,6,2.5,8.75
1286,SPAN,0,7.0,0
1287,SPAN,4,1.75,7.0
1288,SPAN,0,1.0,0
1289,SPAN,1,4.0,1.0
1290,SPAN,0,1.0,0
1291,SPAN,0,2.0,0
1292,DIV,5,11.4,44.0
1293,DIV,1,32.0,32.0
1294,SPAN,0,32.0,0
1295,DIV,2,12.0,24.0
1296,SPAN,1,24.0,24.0
1297,SPAN,0,24.0,0
1298,DIV,1,0.0,0.0
1299,DIV,0,0.0,0
1300,DIV,2,0.0,0.0
1301,DIV,1,0.0,0.0
1302,DIV,0,0.0,0
1303,DIV,2,0.0,0.0
1304,DIV,1,0.0,0.0
1305,DIV,0,0.0,0
1306,DIV,66,2.287878787878788,2.3230769230769233
1307,DIV,65,2.3230769230769233,2.359375
1308,DIV,64,2.359375,2.3968253968253967
1309,DIV,63,2.3968253968253967,2.5166666666666666
1310,DIV,1,0.0,0.0
1311,DIV,0,0.0,0
1312,DIV,60,2.5166666666666666,2.9038461538461537
1313,DIV,6,0.0,0.0
1314,DIV,5,0.0,0.0
1315,DIV,4,0.0,0.0
1316,SPAN,3,0.0,0.0
1317,A,2,0.0,0.0
1318,DIV,1,0.0,0.0
1319,IMG,0,0.0,0
1320,DIV,52,2.9038461538461537,2.9607843137254903
1321,DIV,51,2.9607843137254903,7.418552036199095
1322,DIV,17,4.764705882352941,5.0625
1323,DIV,16,5.0625,5.4
1324,DIV,15,5.4,21.53333333333333
1325,DIV,3,19.333333333333332,29.0
1326,H2,2,29.0,58.0
1327,A,1,58.0,58.0
1328,SPAN,0,58.0,0
1329,DIV,10,2.2,2.4444444444444446
1330,DIV,9,2.4444444444444446,5.0
1331,SPAN,5,4.0,5.0
1332,SPAN,4,5.0,6.0
1333,A,3,6.0,18.0
1334,I,1,18.0,18.0
1335,SPAN,0,18.0,0
1336,I,0,0.0,0
1337,SPAN,2,1.0,2.0
1338,A,1,2.0,2.0
1339,SPAN,0,2.0,0
1340,DIV,26,2.6538461538461537,3.0
1341,DIV,23,3.0,3.1363636363636362
1342,DIV,22,3.1363636363636362,13.333333333333334
1343,DIV,17,2.0,2.125
1344,DIV,16,2.125,2.2666666666666666
1345,DIV,15,2.2666666666666666,2.4285714285714284
1346,A,14,2.4285714285714284,5.333333333333334
1347,SPAN,6,2.8333333333333335,9.25
1348,SPAN,0,7.0,0
1349,SPAN,4,2.25,8.0
1350,SPAN,0,1.0,0
1351,SPAN,1,5.0,1.0
1352,SPAN,0,1.0,0
1353,SPAN,0,2.0,0
1354,SPAN,6,2.5,8.75
1355,SPAN,0,7.0,0
1356,SPAN,4,1.75,7.0
1357,SPAN,0,1.0,0
1358,SPAN,1,4.0,1.0
1359,SPAN,0,1.0,0
1360,SPAN,0,2.0,0
1361,DIV,3,11.333333333333334,17.0
1362,DIV,2,17.0,34.0
1363,SPAN,1,34.0,34.0
1364,SPAN,0,34.0,0
1365,DIV,1,0.0,0.0
1366,DIV,0,0.0,0
1367,DIV,2,0.0,0.0
1368,DIV,1,0.0,0.0
1369,DIV,0,0.0,0
1370,DIV,2,0.0,0.0
1371,DIV,1,0.0,0.0
1372,DIV,0,0.0,0
1373,DIV,68,2.985294117647059,3.029850746268657
1374,DIV,67,3.029850746268657,3.0757575757575757
1375,DIV,66,3.0757575757575757,3.123076923076923
1376,DIV,65,3.123076923076923,3.274193548387097
1377,DIV,1,0.0,0.0
1378,DIV,0,0.0,0
1379,DIV,62,3.274193548387097,3.759259259259259
1380,DIV,6,0.0,0.0
1381,DIV,5,0.0,0.0
1382,DIV,4,0.0,0.0
1383,SPAN,3,0.0,0.0
1384,A,2,0.0,0.0
1385,DIV,1,0.0,0.0
1386,IMG,0,0.0,0
1387,DIV,54,3.759259259259259,3.830188679245283
1388,DIV,53,3.830188679245283,8.92436974789916
1389,DIV,17,4.352941176470588,4.625
1390,DIV,16,4.625,4.933333333333334
1391,DIV,15,4.933333333333334,19.2
1392,DIV,3,17.0,25.5
1393,H2,2,25.5,51.0
1394,A,1,51.0,51.0
1395,SPAN,0,51.0,0
1396,DIV,10,2.2,2.4444444444444446
1397,DIV,9,2.4444444444444446,5.0
1398,SPAN,5,4.0,5.0
1399,SPAN,4,5.0,6.0
1400,A,3,6.0,18.0
1401,I,1,18.0,18.0
1402,SPAN,0,18.0,0
1403,I,0,0.0,0
1404,SPAN,2,1.0,2.0
1405,A,1,2.0,2.0
1406,SPAN,0,2.0,0
1407,DIV,28,4.571428571428571,5.12
1408,DIV,25,5.12,5.333333333333333
1409,DIV,24,5.333333333333333,22.1
1410,DIV,10,1.7,1.8888888888888888
1411,DIV,9,1.8888888888888888,2.125
1412,DIV,8,2.125,2.4285714285714284
1413,A,7,2.4285714285714284,2.8333333333333335
1414,SPAN,6,2.8333333333333335,9.25
1415,SPAN,0,7.0,0
1416,SPAN,4,2.25,8.0
1417,SPAN,0,1.0,0
1418,SPAN,1,5.0,1.0
1419,SPAN,0,1.0,0
1420,SPAN,0,2.0,0
1421,DIV,5,13.4,49.0
1422,DIV,1,32.0,32.0
1423,SPAN,0,32.0,0
1424,DIV,2,17.0,34.0
1425,SPAN,1,34.0,34.0
1426,SPAN,0,34.0,0
1427,DIV,6,7.0,8.4
1428,DIV,5,8.4,40.0
1429,SPAN,0,19.0,0
1430,BR,0,0.0,0
1431,SPAN,0,7.0,0
1432,SPAN,0,0.0,0
1433,A,0,14.0,0
1434,DIV,1,0.0,0.0
1435,DIV,0,0.0,0
1436,DIV,2,0.0,0.0
1437,DIV,1,0.0,0.0
1438,DIV,0,0.0,0
1439,DIV,2,0.0,0.0
1440,DIV,1,0.0,0.0
1441,DIV,0,0.0,0
1442,DIV,74,3.824324324324324,3.8767123287671232
1443,DIV,73,3.8767123287671232,3.9305555555555554
1444,DIV,72,3.9305555555555554,3.9859154929577465
1445,DIV,71,3.9859154929577465,4.042857142857143
1446,DIV,70,4.042857142857143,4.101449275362318
1447,DIV,69,4.101449275362318,4.287878787878788
1448,DIV,1,0.0,0.0
1449,DIV,0,0.0,0
1450,DIV,66,4.287878787878788,4.879310344827586
1451,DIV,6,0.0,0.0
1452,DIV,5,0.0,0.0
1453,DIV,4,0.0,0.0
1454,SPAN,3,0.0,0.0
1455,A,2,0.0,0.0
1456,DIV,1,0.0,0.0
1457,IMG,0,0.0,0
1458,DIV,58,4.879310344827586,4.964912280701754
1459,DIV,57,4.964912280701754,10.21505376344086
1460,DIV,31,7.548387096774194,7.8
1461,DIV,30,7.8,8.068965517241379
1462,DIV,29,8.068965517241379,14.611764705882354
1463,DIV,17,12.411764705882353,148.9
1464,SPAN,0,9.0,0
1465,SPAN,1,0.0,0.0
1466,SPAN,0,0.0,0
1467,DIV,10,39.9,151.25
1468,SPAN,0,54.0,0
1469,DIV,3,58.0,168.0
1470,SPAN,0,51.0,0
1471,A,1,117.0,36.0
1472,SPAN,0,36.0,0
1473,DIV,4,39.25,73.5
1474,SPAN,0,0.0,0
1475,SPAN,2,73.5,81.0
1476,A,1,81.0,0.0
1477,SPAN,0,0.0,0
1478,H2,2,100.0,200.0
1479,A,1,200.0,200.0
1480,SPAN,0,200.0,0
1481,DIV,10,2.2,2.4444444444444446
1482,DIV,9,2.4444444444444446,5.0
1483,SPAN,5,4.0,5.0
1484,SPAN,4,5.0,6.0
1485,A,3,6.0,18.0
1486,I,1,18.0,18.0
1487,SPAN,0,18.0,0
1488,I,0,0.0,0
1489,SPAN,2,1.0,2.0
1490,A,1,2.0,2.0
1491,SPAN,0,2.0,0
1492,DIV,18,2.6666666666666665,3.2
1493,DIV,15,3.2,3.4285714285714284
1494,DIV,14,3.4285714285714284,17.5
1495,DIV,10,1.5,1.6666666666666667
1496,DIV,9,1.6666666666666667,1.875
1497,DIV,8,1.875,2.142857142857143
1498,A,7,2.142857142857143,2.5
1499,SPAN,6,2.5,8.0
1500,SPAN,0,6.0,0
1501,SPAN,4,2.0,7.0
1502,SPAN,0,1.0,0
1503,SPAN,1,4.0,1.0
1504,SPAN,0,1.0,0
1505,SPAN,0,2.0,0
1506,DIV,2,16.0,32.0
1507,DIV,1,32.0,32.0
1508,SPAN,0,32.0,0
1509,DIV,1,0.0,0.0
1510,DIV,0,0.0,0
1511,DIV,2,0.0,0.0
1512,DIV,1,0.0,0.0
1513,DIV,0,0.0,0
1514,DIV,2,0.0,0.0
1515,DIV,1,0.0,0.0
1516,DIV,0,0.0,0
1517,DIV,77,2.7532467532467533,2.789473684210526
1518,DIV,76,2.789473684210526,2.8266666666666667
1519,DIV,75,2.8266666666666667,2.864864864864865
1520,DIV,74,2.864864864864865,2.904109589041096
1521,DIV,73,2.904109589041096,2.9444444444444446
1522,DIV,72,2.9444444444444446,3.072463768115942
1523,DIV,1,0.0,0.0
1524,DIV,0,0.0,0
1525,DIV,69,3.072463768115942,3.4754098360655736
1526,DIV,6,0.0,0.0
1527,DIV,5,0.0,0.0
1528,DIV,4,0.0,0.0
1529,SPAN,3,0.0,0.0
1530,A,2,0.0,0.0
1531,DIV,1,0.0,0.0
1532,IMG,0,0.0,0
1533,DIV,61,3.4754098360655736,3.533333333333333
1534,DIV,60,3.533333333333333,8.050691244239632
1535,DIV,31,4.193548387096774,4.333333333333333
1536,DIV,30,4.333333333333333,4.482758620689655
1537,DIV,29,4.482758620689655,8.452941176470588
1538,DIV,17,6.352941176470588,97.4
1539,SPAN,0,9.0,0
1540,SPAN,1,0.0,0.0
1541,SPAN,0,0.0,0
1542,DIV,10,39.9,151.25
1543,SPAN,0,54.0,0
1544,DIV,3,58.0,168.0
1545,SPAN,0,51.0,0
1546,A,1,117.0,36.0
1547,SPAN,0,36.0,0
1548,DIV,4,39.25,73.5
1549,SPAN,0,0.0,0
1550,SPAN,2,73.5,81.0
1551,A,1,81.0,0.0
1552,SPAN,0,0.0,0
1553,H2,2,48.5,97.0
1554,A,1,97.0,97.0
1555,SPAN,0,97.0,0
1556,DIV,10,2.1,2.3333333333333335
1557,DIV,9,2.3333333333333335,4.5
1558,SPAN,5,4.0,5.0
1559,SPAN,4,5.0,6.0
1560,A,3,6.0,18.0
1561,I,1,18.0,18.0
1562,SPAN,0,18.0,0
1563,I,0,0.0,0
1564,SPAN,2,0.5,1.0
1565,A,1,1.0,1.0
1566,SPAN,0,1.0,0
1567,DIV,21,3.857142857142857,4.5
1568,DIV,18,4.5,4.764705882352941
1569,DIV,17,4.764705882352941,14.700000000000001
1570,DIV,10,1.3,1.4444444444444444
1571,DIV,9,1.4444444444444444,1.625
1572,DIV,8,1.625,1.8571428571428572
1573,A,7,1.8571428571428572,2.1666666666666665
1574,SPAN,6,2.1666666666666665,6.75
1575,SPAN,0,5.0,0
1576,SPAN,4,1.75,6.0
1577,SPAN,0,1.0,0
1578,SPAN,1,3.0,1.0
1579,SPAN,0,1.0,0
1580,SPAN,0,2.0,0
1581,DIV,5,13.4,49.0
1582,DIV,1,32.0,32.0
1583,SPAN,0,32.0,0
1584,DIV,2,17.0,34.0
1585,SPAN,1,34.0,34.0
1586,SPAN,0,34.0,0
1587,DIV,1,0.0,0.0
1588,DIV,0,0.0,0
1589,DIV,2,0.0,0.0
1590,DIV,1,0.0,0.0
1591,DIV,0,0.0,0
1592,DIV,2,0.0,0.0
1593,DIV,1,0.0,0.0
1594,DIV,0,0.0,0
1595,DIV,68,3.7205882352941178,3.7761194029850746
1596,DIV,67,3.7761194029850746,3.8333333333333335
1597,DIV,66,3.8333333333333335,3.8923076923076922
1598,DIV,65,3.8923076923076922,4.080645161290323
1599,DIV,1,0.0,0.0
1600,DIV,0,0.0,0
1601,DIV,62,4.080645161290323,4.685185185185185
1602,DIV,6,0.0,0.0
1603,DIV,5,0.0,0.0
1604,DIV,4,0.0,0.0
1605,SPAN,3,0.0,0.0
1606,A,2,0.0,0.0
1607,DIV,1,0.0,0.0
1608,IMG,0,0.0,0
1609,DIV,54,4.685185185185185,4.773584905660377
1610,DIV,53,4.773584905660377,12.073529411764707
1611,DIV,17,7.823529411764706,8.3125
1612,DIV,16,8.3125,8.866666666666667
1613,DIV,15,8.866666666666667,38.63333333333333
1614,DIV,3,36.333333333333336,54.5
1615,H2,2,54.5,109.0
1616,A,1,109.0,109.0
1617,SPAN,0,109.0,0
1618,DIV,10,2.3,2.5555555555555554
1619,DIV,9,2.5555555555555554,5.5
1620,SPAN,5,4.0,5.0
1621,SPAN,4,5.0,6.0
1622,A,3,6.0,18.0
1623,I,1,18.0,18.0
1624,SPAN,0,18.0,0
1625,I,0,0.0,0
1626,SPAN,2,1.5,3.0
1627,A,1,3.0,3.0
1628,SPAN,0,3.0,0
1629,DIV,28,4.25,4.76
1630,DIV,25,4.76,4.958333333333333
1631,DIV,24,4.958333333333333,20.266666666666666
1632,DIV,10,1.7,1.8888888888888888
1633,DIV,9,1.8888888888888888,2.125
1634,DIV,8,2.125,2.4285714285714284
1635,A,7,2.4285714285714284,2.8333333333333335
1636,SPAN,6,2.8333333333333335,9.25
1637,SPAN,0,7.0,0
1638,SPAN,4,2.25,8.0
1639,SPAN,0,1.0,0
1640,SPAN,1,5.0,1.0
1641,SPAN,0,1.0,0
1642,SPAN,0,2.0,0
1643,DIV,5,11.4,44.0
1644,DIV,1,32.0,32.0
1645,SPAN,0,32.0,0
1646,DIV,2,12.0,24.0
1647,SPAN,1,24.0,24.0
1648,SPAN,0,24.0,0
1649,DIV,6,7.166666666666667,8.6
1650,DIV,5,8.6,41.0
1651,SPAN,0,19.0,0
1652,BR,0,0.0,0
1653,SPAN,0,7.0,0
1654,SPAN,0,0.0,0
1655,A,0,15.0,0
1656,DIV,1,0.0,0.0
1657,DIV,0,0.0,0
1658,DIV,2,0.0,0.0
1659,DIV,1,0.0,0.0
1660,DIV,0,0.0,0
1661,DIV,2,0.0,0.0
1662,DIV,1,0.0,0.0
1663,DIV,0,0.0,0
1664,DIV,61,2.737704918032787,2.783333333333333
1665,DIV,60,2.783333333333333,2.830508474576271
1666,DIV,59,2.830508474576271,2.8793103448275863
1667,DIV,58,2.8793103448275863,3.036363636363636
1668,DIV,1,0.0,0.0
1669,DIV,0,0.0,0
1670,DIV,55,3.036363636363636,3.5531914893617023
1671,DIV,6,0.0,0.0
1672,DIV,5,0.0,0.0
1673,DIV,4,0.0,0.0
1674,SPAN,3,0.0,0.0
1675,A,2,0.0,0.0
1676,DIV,1,0.0,0.0
1677,IMG,0,0.0,0
1678,DIV,47,3.5531914893617023,3.630434782608696
1679,DIV,46,3.630434782608696,8.81232492997199
1680,DIV,17,4.764705882352941,5.0625
1681,DIV,16,5.0625,5.4
1682,DIV,15,5.4,21.3
1683,DIV,3,19.0,28.5
1684,H2,2,28.5,57.0
1685,A,1,57.0,57.0
1686,SPAN,0,57.0,0
1687,DIV,10,2.3,2.5555555555555554
1688,DIV,9,2.5555555555555554,5.5
1689,SPAN,5,4.0,5.0
1690,SPAN,4,5.0,6.0
1691,A,3,6.0,18.0
1692,I,1,18.0,18.0
1693,SPAN,0,18.0,0
1694,I,0,0.0,0
1695,SPAN,2,1.5,3.0
1696,A,1,3.0,3.0
1697,SPAN,0,3.0,0
1698,DIV,21,4.0476190476190474,4.722222222222222
1699,DIV,18,4.722222222222222,5.0
1700,DIV,17,5.0,15.1
1701,DIV,10,1.7,1.8888888888888888
1702,DIV,9,1.8888888888888888,2.125
1703,DIV,8,2.125,2.4285714285714284
1704,A,7,2.4285714285714284,2.8333333333333335
1705,SPAN,6,2.8333333333333335,9.25
1706,SPAN,0,7.0,0
1707,SPAN,4,2.25,8.0
1708,SPAN,0,1.0,0
1709,SPAN,1,5.0,1.0
1710,SPAN,0,1.0,0
1711,SPAN,0,2.0,0
1712,DIV,5,13.4,49.0
1713,DIV,1,32.0,32.0
1714,SPAN,0,32.0,0
1715,DIV,2,17.0,34.0
1716,SPAN,1,34.0,34.0
1717,SPAN,0,34.0,0
1718,DIV,1,0.0,0.0
1719,DIV,0,0.0,0
1720,DIV,2,0.0,0.0
1721,DIV,1,0.0,0.0
1722,DIV,0,0.0,0
1723,DIV,2,0.0,0.0
1724,DIV,1,0.0,0.0
1725,DIV,0,0.0,0
1726,DIV,68,3.1470588235294117,3.1940298507462686
1727,DIV,67,3.1940298507462686,3.242424242424242
1728,DIV,66,3.242424242424242,3.292307692307692
1729,DIV,65,3.292307692307692,3.4516129032258065
1730,DIV,1,0.0,0.0
1731,DIV,0,0.0,0
1732,DIV,62,3.4516129032258065,3.962962962962963
1733,DIV,6,0.0,0.0
1734,DIV,5,0.0,0.0
1735,DIV,4,0.0,0.0
1736,SPAN,3,0.0,0.0
1737,A,2,0.0,0.0
1738,DIV,1,0.0,0.0
1739,IMG,0,0.0,0
1740,DIV,54,3.962962962962963,4.037735849056604
1741,DIV,53,4.037735849056604,9.548319327731093
1742,DIV,17,4.9411764705882355,5.25
1743,DIV,16,5.25,5.6
1744,DIV,15,5.6,22.3
1745,DIV,3,20.0,30.0
1746,H2,2,30.0,60.0
1747,A,1,60.0,60.0
1748,SPAN,0,60.0,0
1749,DIV,10,2.3,2.5555555555555554
1750,DIV,9,2.5555555555555554,5.5
1751,SPAN,5,4.0,5.0
1752,SPAN,4,5.0,6.0
1753,A,3,6.0,18.0
1754,I,1,18.0,18.0
1755,SPAN,0,18.0,0
1756,I,0,0.0,0
1757,SPAN,2,1.5,3.0
1758,A,1,3.0,3.0
1759,SPAN,0,3.0,0
1760,DIV,28,4.607142857142857,5.16
1761,DIV,25,5.16,5.375
1762,DIV,24,5.375,22.266666666666666
1763,DIV,10,1.7,1.8888888888888888
1764,DIV,9,1.8888888888888888,2.125
1765,DIV,8,2.125,2.4285714285714284
1766,A,7,2.4285714285714284,2.8333333333333335
1767,SPAN,6,2.8333333333333335,9.25
1768,SPAN,0,7.0,0
1769,SPAN,4,2.25,8.0
1770,SPAN,0,1.0,0
1771,SPAN,1,5.0,1.0
1772,SPAN,0,1.0,0
1773,SPAN,0,2.0,0
1774,DIV,5,13.4,49.0
1775,DIV,1,32.0,32.0
1776,SPAN,0,32.0,0
1777,DIV,2,17.0,34.0
1778,SPAN,1,34.0,34.0
1779,SPAN,0,34.0,0
1780,DIV,6,7.166666666666667,8.6
1781,DIV,5,8.6,41.0
1782,SPAN,0,19.0,0
1783,BR,0,0.0,0
1784,SPAN,0,7.0,0
1785,SPAN,0,0.0,0
1786,A,0,15.0,0
1787,DIV,1,0.0,0.0
1788,DIV,0,0.0,0
1789,DIV,2,0.0,0.0
1790,DIV,1,0.0,0.0
1791,DIV,0,0.0,0
1792,DIV,2,0.0,0.0
1793,DIV,1,0.0,0.0
1794,DIV,0,0.0,0
1795,DIV,51,2.7254901960784315,2.78
1796,DIV,50,2.78,2.836734693877551
1797,DIV,49,2.836734693877551,2.8958333333333335
1798,DIV,48,2.8958333333333335,3.088888888888889
1799,DIV,1,0.0,0.0
1800,DIV,0,0.0,0
1801,DIV,45,3.088888888888889,3.7567567567567566
1802,DIV,6,0.0,0.0
1803,DIV,5,0.0,0.0
1804,DIV,4,0.0,0.0
1805,SPAN,3,0.0,0.0
1806,A,2,0.0,0.0
1807,DIV,1,0.0,0.0
1808,IMG,0,0.0,0
1809,DIV,37,3.7567567567567566,3.861111111111111
1810,DIV,36,3.861111111111111,9.46524064171123
1811,DIV,17,5.647058823529412,6.0
1812,DIV,16,6.0,6.4
1813,DIV,15,6.4,26.53333333333333
1814,DIV,3,24.333333333333332,36.5
1815,H2,2,36.5,73.0
1816,A,1,73.0,73.0
1817,SPAN,0,73.0,0
1818,DIV,10,2.2,2.4444444444444446
1819,DIV,9,2.4444444444444446,5.0
1820,SPAN,5,4.0,5.0
1821,SPAN,4,5.0,6.0
1822,A,3,6.0,18.0
1823,I,1,18.0,18.0
1824,SPAN,0,18.0,0
1825,I,0,0.0,0
1826,SPAN,2,1.0,2.0
1827,A,1,2.0,2.0
1828,SPAN,0,2.0,0
1829,DIV,11,3.8181818181818183,5.25
1830,DIV,8,5.25,6.0
1831,DIV,7,6.0,7.0
1832,DIV,6,7.0,8.4
1833,DIV,5,8.4,40.0
1834,SPAN,0,19.0,0
1835,BR,0,0.0,0
1836,SPAN,0,7.0,0
1837,SPAN,0,0.0,0
1838,A,0,14.0,0
1839,DIV,1,0.0,0.0
1840,DIV,0,0.0,0
1841,DIV,2,0.0,0.0
1842,DIV,1,0.0,0.0
1843,DIV,0,0.0,0
1844,DIV,2,0.0,0.0
1845,DIV,1,0.0,0.0
1846,DIV,0,0.0,0
1847,DIV,51,2.3333333333333335,2.38
1848,DIV,50,2.38,2.4285714285714284
1849,DIV,49,2.4285714285714284,2.4791666666666665
1850,DIV,48,2.4791666666666665,2.6444444444444444
1851,DIV,1,0.0,0.0
1852,DIV,0,0.0,0
1853,DIV,45,2.6444444444444444,3.2162162162162162
1854,DIV,6,0.0,0.0
1855,DIV,5,0.0,0.0
1856,DIV,4,0.0,0.0
1857,SPAN,3,0.0,0.0
1858,A,2,0.0,0.0
1859,DIV,1,0.0,0.0
1860,IMG,0,0.0,0
1861,DIV,37,3.2162162162162162,3.3055555555555554
1862,DIV,36,3.3055555555555554,8.320855614973262
1863,DIV,17,4.411764705882353,4.6875
1864,DIV,16,4.6875,5.0
1865,DIV,15,5.0,19.3
1866,DIV,3,17.0,25.5
1867,H2,2,25.5,51.0
1868,A,1,51.0,51.0
1869,SPAN,0,51.0,0
1870,DIV,10,2.3,2.5555555555555554
1871,DIV,9,2.5555555555555554,5.5
1872,SPAN,5,4.0,5.0
1873,SPAN,4,5.0,6.0
1874,A,3,6.0,18.0
1875,I,1,18.0,18.0
1876,SPAN,0,18.0,0
1877,I,0,0.0,0
1878,SPAN,2,1.5,3.0
1879,A,1,3.0,3.0
1880,SPAN,0,3.0,0
1881,DIV,11,3.909090909090909,5.375
1882,DIV,8,5.375,6.142857142857143
1883,DIV,7,6.142857142857143,7.166666666666667
1884,DIV,6,7.166666666666667,8.6
1885,DIV,5,8.6,41.0
1886,SPAN,0,19.0,0
1887,BR,0,0.0,0
1888,SPAN,0,7.0,0
1889,SPAN,0,0.0,0
1890,A,0,15.0,0
1891,DIV,1,0.0,0.0
1892,DIV,0,0.0,0
1893,DIV,2,0.0,0.0
1894,DIV,1,0.0,0.0
1895,DIV,0,0.0,0
1896,DIV,2,0.0,0.0
1897,DIV,1,0.0,0.0
1898,DIV,0,0.0,0
1899,DIV,61,2.6557377049180326,2.7
1900,DIV,60,2.7,2.7457627118644066
1901,DIV,59,2.7457627118644066,2.793103448275862
1902,DIV,58,2.793103448275862,2.9454545454545453
1903,DIV,1,0.0,0.0
1904,DIV,0,0.0,0
1905,DIV,55,2.9454545454545453,3.4468085106382977
1906,DIV,6,0.0,0.0
1907,DIV,5,0.0,0.0
1908,DIV,4,0.0,0.0
1909,SPAN,3,0.0,0.0
1910,A,2,0.0,0.0
1911,DIV,1,0.0,0.0
1912,IMG,0,0.0,0
1913,DIV,47,3.4468085106382977,3.5217391304347827
1914,DIV,46,3.5217391304347827,8.630252100840336
1915,DIV,17,5.0588235294117645,5.375
1916,DIV,16,5.375,5.733333333333333
1917,DIV,15,5.733333333333333,22.96666666666667
1918,DIV,3,20.666666666666668,31.0
1919,H2,2,31.0,62.0
1920,A,1,62.0,62.0
1921,SPAN,0,62.0,0
1922,DIV,10,2.3,2.5555555555555554
1923,DIV,9,2.5555555555555554,5.5
1924,SPAN,5,4.0,5.0
1925,SPAN,4,5.0,6.0
1926,A,3,6.0,18.0
1927,I,1,18.0,18.0
1928,SPAN,0,18.0,0
1929,I,0,0.0,0
1930,SPAN,2,1.5,3.0
1931,A,1,3.0,3.0
1932,SPAN,0,3.0,0
1933,DIV,21,3.5714285714285716,4.166666666666667
1934,DIV,18,4.166666666666667,4.411764705882353
1935,DIV,17,4.411764705882353,13.1
1936,DIV,10,1.7,1.8888888888888888
1937,DIV,9,1.8888888888888888,2.125
1938,DIV,8,2.125,2.4285714285714284
1939,A,7,2.4285714285714284,2.8333333333333335
1940,SPAN,6,2.8333333333333335,9.25
1941,SPAN,0,7.0,0
1942,SPAN,4,2.25,8.0
1943,SPAN,0,1.0,0
1944,SPAN,1,5.0,1.0
1945,SPAN,0,1.0,0
1946,SPAN,0,2.0,0
1947,DIV,5,11.4,44.0
1948,DIV,1,32.0,32.0
1949,SPAN,0,32.0,0
1950,DIV,2,12.0,24.0
1951,SPAN,1,24.0,24.0
1952,SPAN,0,24.0,0
1953,DIV,1,0.0,0.0
1954,DIV,0,0.0,0
1955,DIV,2,0.0,0.0
1956,DIV,1,0.0,0.0
1957,DIV,0,0.0,0
1958,DIV,2,0.0,0.0
1959,DIV,1,0.0,0.0
1960,DIV,0,0.0,0
1961,DIV,65,2.6615384615384614,2.703125
1962,DIV,64,2.703125,2.746031746031746
1963,DIV,63,2.746031746031746,2.7903225806451615
1964,DIV,62,2.7903225806451615,2.9322033898305087
1965,DIV,1,0.0,0.0
1966,DIV,0,0.0,0
1967,DIV,59,2.9322033898305087,3.392156862745098
1968,DIV,6,0.0,0.0
1969,DIV,5,0.0,0.0
1970,DIV,4,0.0,0.0
1971,SPAN,3,0.0,0.0
1972,A,2,0.0,0.0
1973,DIV,1,0.0,0.0
1974,IMG,0,0.0,0
1975,DIV,51,3.392156862745098,3.46
1976,DIV,50,3.46,8.348235294117647
1977,DIV,17,4.588235294117647,4.875
1978,DIV,16,4.875,5.2
1979,DIV,15,5.2,20.3
1980,DIV,3,18.0,27.0
1981,H2,2,27.0,54.0
1982,A,1,54.0,54.0
1983,SPAN,0,54.0,0
1984,DIV,10,2.3,2.5555555555555554
1985,DIV,9,2.5555555555555554,5.5
1986,SPAN,5,4.0,5.0
1987,SPAN,4,5.0,6.0
1988,A,3,6.0,18.0
1989,I,1,18.0,18.0
1990,SPAN,0,18.0,0
1991,I,0,0.0,0
1992,SPAN,2,1.5,3.0
1993,A,1,3.0,3.0
1994,SPAN,0,3.0,0
1995,DIV,25,3.76,4.2727272727272725
1996,DIV,22,4.2727272727272725,4.476190476190476
1997,DIV,21,4.476190476190476,24.866666666666667
1998,DIV,10,1.7,1.8888888888888888
1999,DIV,9,1.8888888888888888,2.125
2000,DIV,8,2.125,2.4285714285714284
2001,A,7,2.4285714285714284,2.8333333333333335
2002,SPAN,6,2.8333333333333335,9.25
2003,SPAN,0,7.0,0
2004,SPAN,4,2.25,8.0
2005,SPAN,0,1.0,0
2006,SPAN,1,5.0,1.0
2007,SPAN,0,1.0,0
2008,SPAN,0,2.0,0
2009,DIV,2,16.0,32.0
2010,DIV,1,32.0,32.0
2011,SPAN,0,32.0,0
2012,DIV,6,7.166666666666667,8.6
2013,DIV,5,8.6,41.0
2014,SPAN,0,19.0,0
2015,BR,0,0.0,0
2016,SPAN,0,7.0,0
2017,SPAN,0,0.0,0
2018,A,0,15.0,0
2019,DIV,1,0.0,0.0
2020,DIV,0,0.0,0
2021,DIV,2,0.0,0.0
2022,DIV,1,0.0,0.0
2023,DIV,0,0.0,0
2024,DIV,2,0.0,0.0
2025,DIV,1,0.0,0.0
2026,DIV,0,0.0,0
2027,DIV,75,3.026666666666667,3.0675675675675675
2028,DIV,74,3.0675675675675675,3.1095890410958904
2029,DIV,73,3.1095890410958904,3.1527777777777777
2030,DIV,72,3.1527777777777777,3.289855072463768
2031,DIV,1,0.0,0.0
2032,DIV,0,0.0,0
2033,DIV,69,3.289855072463768,3.721311475409836
2034,DIV,6,0.0,0.0
2035,DIV,5,0.0,0.0
2036,DIV,4,0.0,0.0
2037,SPAN,3,0.0,0.0
2038,A,2,0.0,0.0
2039,DIV,1,0.0,0.0
2040,IMG,0,0.0,0
2041,DIV,61,3.721311475409836,3.783333333333333
2042,DIV,60,3.783333333333333,8.907563025210084
2043,DIV,17,4.764705882352941,5.0625
2044,DIV,16,5.0625,5.4
2045,DIV,15,5.4,21.53333333333333
2046,DIV,3,19.333333333333332,29.0
2047,H2,2,29.0,58.0
2048,A,1,58.0,58.0
2049,SPAN,0,58.0,0
2050,DIV,10,2.2,2.4444444444444446
2051,DIV,9,2.4444444444444446,5.0
2052,SPAN,5,4.0,5.0
2053,SPAN,4,5.0,6.0
2054,A,3,6.0,18.0
2055,I,1,18.0,18.0
2056,SPAN,0,18.0,0
2057,I,0,0.0,0
2058,SPAN,2,1.0,2.0
2059,A,1,2.0,2.0
2060,SPAN,0,2.0,0
2061,DIV,35,4.142857142857143,4.53125
2062,DIV,32,4.53125,4.67741935483871
2063,DIV,31,4.67741935483871,22.4
2064,DIV,17,2.0,2.125
2065,DIV,16,2.125,2.2666666666666666
2066,DIV,15,2.2666666666666666,2.4285714285714284
2067,A,14,2.4285714285714284,5.333333333333334
2068,SPAN,6,2.8333333333333335,9.25
2069,SPAN,0,7.0,0
2070,SPAN,4,2.25,8.0
2071,SPAN,0,1.0,0
2072,SPAN,1,5.0,1.0
2073,SPAN,0,1.0,0
2074,SPAN,0,2.0,0
2075,SPAN,6,2.5,8.75
2076,SPAN,0,7.0,0
2077,SPAN,4,1.75,7.0
2078,SPAN,0,1.0,0
2079,SPAN,1,4.0,1.0
2080,SPAN,0,1.0,0
2081,SPAN,0,2.0,0
2082,DIV,5,13.4,49.0
2083,DIV,1,32.0,32.0
2084,SPAN,0,32.0,0
2085,DIV,2,17.0,34.0
2086,SPAN,1,34.0,34.0
2087,SPAN,0,34.0,0
2088,DIV,6,7.0,8.4
2089,DIV,5,8.4,40.0
2090,SPAN,0,19.0,0
2091,BR,0,0.0,0
2092,SPAN,0,7.0,0
2093,SPAN,0,0.0,0
2094,A,0,14.0,0
2095,DIV,1,0.0,0.0
2096,DIV,0,0.0,0
2097,DIV,2,0.0,0.0
2098,DIV,1,0.0,0.0
2099,DIV,0,0.0,0
2100,DIV,2,0.0,0.0
2101,DIV,1,0.0,0.0
2102,DIV,0,0.0,0
2103,DIV,81,3.4814814814814814,3.525
2104,DIV,80,3.525,3.569620253164557
2105,DIV,79,3.569620253164557,3.6153846153846154
2106,DIV,78,3.6153846153846154,3.6623376623376624
2107,DIV,77,3.6623376623376624,3.710526315789474
2108,DIV,76,3.710526315789474,3.863013698630137
2109,DIV,1,0.0,0.0
2110,DIV,0,0.0,0
2111,DIV,73,3.863013698630137,4.338461538461538
2112,DIV,6,0.0,0.0
2113,DIV,5,0.0,0.0
2114,DIV,4,0.0,0.0
2115,SPAN,3,0.0,0.0
2116,A,2,0.0,0.0
2117,DIV,1,0.0,0.0
2118,IMG,0,0.0,0
2119,DIV,65,4.338461538461538,4.40625
2120,DIV,64,4.40625,9.55225806451613
2121,DIV,31,7.032258064516129,7.266666666666667
2122,DIV,30,7.266666666666667,7.517241379310345
2123,DIV,29,7.517241379310345,13.794117647058824
2124,DIV,17,11.294117647058824,139.4
2125,SPAN,0,9.0,0
2126,SPAN,1,0.0,0.0
2127,SPAN,0,0.0,0
2128,DIV,10,39.9,151.25
2129,SPAN,0,54.0,0
2130,DIV,3,58.0,168.0
2131,SPAN,0,51.0,0
2132,A,1,117.0,36.0
2133,SPAN,0,36.0,0
2134,DIV,4,39.25,73.5
2135,SPAN,0,0.0,0
2136,SPAN,2,73.5,81.0
2137,A,1,81.0,0.0
2138,SPAN,0,0.0,0
2139,H2,2,90.5,181.0
2140,A,1,181.0,181.0
2141,SPAN,0,181.0,0
2142,DIV,10,2.5,2.7777777777777777
2143,DIV,9,2.7777777777777777,6.5
2144,SPAN,5,4.0,5.0
2145,SPAN,4,5.0,6.0
2146,A,3,6.0,18.0
2147,I,1,18.0,18.0
2148,SPAN,0,18.0,0
2149,I,0,0.0,0
2150,SPAN,2,2.5,5.0
2151,A,1,5.0,5.0
2152,SPAN,0,5.0,0
2153,DIV,25,2.52,2.8636363636363638
2154,DIV,22,2.8636363636363638,3.0
2155,DIV,21,3.0,17.764705882352942
2156,DIV,17,1.7647058823529411,1.875
2157,DIV,16,1.875,2.0
2158,DIV,15,2.0,2.142857142857143
2159,A,14,2.142857142857143,4.666666666666666
2160,SPAN,6,2.5,8.0
2161,SPAN,0,6.0,0
2162,SPAN,4,2.0,7.0
2163,SPAN,0,1.0,0
2164,SPAN,1,4.0,1.0
2165,SPAN,0,1.0,0
2166,SPAN,0,2.0,0
2167,SPAN,6,2.1666666666666665,7.5
2168,SPAN,0,6.0,0
2169,SPAN,4,1.5,6.0
2170,SPAN,0,1.0,0
2171,SPAN,1,3.0,1.0
2172,SPAN,0,1.0,0
2173,SPAN,0,2.0,0
2174,DIV,2,16.0,32.0
2175,DIV,1,32.0,32.0
2176,SPAN,0,32.0,0
2177,DIV,1,0.0,0.0
2178,DIV,0,0.0,0
2179,DIV,2,0.0,0.0
2180,DIV,1,0.0,0.0
2181,DIV,0,0.0,0
2182,DIV,2,0.0,0.0
2183,DIV,1,0.0,0.0
2184,DIV,0,0.0,0
2185,DIV,74,3.6621621621621623,3.712328767123288
2186,DIV,73,3.712328767123288,3.763888888888889
2187,DIV,72,3.763888888888889,3.816901408450704
2188,DIV,71,3.816901408450704,3.8714285714285714
2189,DIV,70,3.8714285714285714,3.927536231884058
2190,DIV,69,3.927536231884058,4.106060606060606
2191,DIV,1,0.0,0.0
2192,DIV,0,0.0,0
2193,DIV,66,4.106060606060606,4.672413793103448
2194,DIV,6,0.0,0.0
2195,DIV,5,0.0,0.0
2196,DIV,4,0.0,0.0
2197,SPAN,3,0.0,0.0
2198,A,2,0.0,0.0
2199,DIV,1,0.0,0.0
2200,IMG,0,0.0,0
2201,DIV,58,4.672413793103448,4.754385964912281
2202,DIV,57,4.754385964912281,9.827956989247312
2203,DIV,31,7.161290322580645,7.4
2204,DIV,30,7.4,7.655172413793103
2205,DIV,29,7.655172413793103,13.94705882352941
2206,DIV,17,11.647058823529411,142.4
2207,SPAN,0,9.0,0
2208,SPAN,1,0.0,0.0
2209,SPAN,0,0.0,0
2210,DIV,10,39.9,151.25
2211,SPAN,0,54.0,0
2212,DIV,3,58.0,168.0
2213,SPAN,0,51.0,0
2214,A,1,117.0,36.0
2215,SPAN,0,36.0,0
2216,DIV,4,39.25,73.5
2217,SPAN,0,0.0,0
2218,SPAN,2,73.5,81.0
2219,A,1,81.0,0.0
2220,SPAN,0,0.0,0
2221,H2,2,93.5,187.0
2222,A,1,187.0,187.0
2223,SPAN,0,187.0,0
2224,DIV,10,2.3,2.5555555555555554
2225,DIV,9,2.5555555555555554,5.5
2226,SPAN,5,4.0,5.0
2227,SPAN,4,5.0,6.0
2228,A,3,6.0,18.0
2229,I,1,18.0,18.0
2230,SPAN,0,18.0,0
2231,I,0,0.0,0
2232,SPAN,2,1.5,3.0
2233,A,1,3.0,3.0
2234,SPAN,0,3.0,0
2235,DIV,18,2.6666666666666665,3.2
2236,DIV,15,3.2,3.4285714285714284
2237,DIV,14,3.4285714285714284,17.5
2238,DIV,10,1.5,1.6666666666666667
2239,DIV,9,1.6666666666666667,1.875
2240,DIV,8,1.875,2.142857142857143
2241,A,7,2.142857142857143,2.5
2242,SPAN,6,2.5,8.0
2243,SPAN,0,6.0,0
2244,SPAN,4,2.0,7.0
2245,SPAN,0,1.0,0
2246,SPAN,1,4.0,1.0
2247,SPAN,0,1.0,0
2248,SPAN,0,2.0,0
2249,DIV,2,16.0,32.0
2250,DIV,1,32.0,32.0
2251,SPAN,0,32.0,0
2252,DIV,1,0.0,0.0
2253,DIV,0,0.0,0
2254,DIV,2,0.0,0.0
2255,DIV,1,0.0,0.0
2256,DIV,0,0.0,0
2257,DIV,2,0.0,0.0
2258,DIV,1,0.0,0.0
2259,DIV,0,0.0,0
2260,DIV,74,3.6621621621621623,3.712328767123288
2261,DIV,73,3.712328767123288,3.763888888888889
2262,DIV,72,3.763888888888889,3.816901408450704
2263,DIV,71,3.816901408450704,3.8714285714285714
2264,DIV,70,3.8714285714285714,3.927536231884058
2265,DIV,69,3.927536231884058,4.106060606060606
2266,DIV,1,0.0,0.0
2267,DIV,0,0.0,0
2268,DIV,66,4.106060606060606,4.672413793103448
2269,DIV,6,0.0,0.0
2270,DIV,5,0.0,0.0
2271,DIV,4,0.0,0.0
2272,SPAN,3,0.0,0.0
2273,A,2,0.0,0.0
2274,DIV,1,0.0,0.0
2275,IMG,0,0.0,0
2276,DIV,58,4.672413793103448,4.754385964912281
2277,DIV,57,4.754385964912281,9.827956989247312
2278,DIV,31,7.161290322580645,7.4
2279,DIV,30,7.4,7.655172413793103
2280,DIV,29,7.655172413793103,13.905882352941177
2281,DIV,17,11.705882352941176,142.9
2282,SPAN,0,9.0,0
2283,SPAN,1,0.0,0.0
2284,SPAN,0,0.0,0
2285,DIV,10,39.9,151.25
2286,SPAN,0,54.0,0
2287,DIV,3,58.0,168.0
2288,SPAN,0,51.0,0
2289,A,1,117.0,36.0
2290,SPAN,0,36.0,0
2291,DIV,4,39.25,73.5
2292,SPAN,0,0.0,0
2293,SPAN,2,73.5,81.0
2294,A,1,81.0,0.0
2295,SPAN,0,0.0,0
2296,H2,2,94.0,188.0
2297,A,1,188.0,188.0
2298,SPAN,0,188.0,0
2299,DIV,10,2.2,2.4444444444444446
2300,DIV,9,2.4444444444444446,5.0
2301,SPAN,5,4.0,5.0
2302,SPAN,4,5.0,6.0
2303,A,3,6.0,18.0
2304,I,1,18.0,18.0
2305,SPAN,0,18.0,0
2306,I,0,0.0,0
2307,SPAN,2,1.0,2.0
2308,A,1,2.0,2.0
2309,SPAN,0,2.0,0
2310,DIV,18,2.6666666666666665,3.2
2311,DIV,15,3.2,3.4285714285714284
2312,DIV,14,3.4285714285714284,17.5
2313,DIV,10,1.5,1.6666666666666667
2314,DIV,9,1.6666666666666667,1.875
2315,DIV,8,1.875,2.142857142857143
2316,A,7,2.142857142857143,2.5
2317,SPAN,6,2.5,8.0
2318,SPAN,0,6.0,0
2319,SPAN,4,2.0,7.0
2320,SPAN,0,1.0,0
2321,SPAN,1,4.0,1.0
2322,SPAN,0,1.0,0
2323,SPAN,0,2.0,0
2324,DIV,2,16.0,32.0
2325,DIV,1,32.0,32.0
2326,SPAN,0,32.0,0
2327,DIV,1,0.0,0.0
2328,DIV,0,0.0,0
2329,DIV,2,0.0,0.0
2330,DIV,1,0.0,0.0
2331,DIV,0,0.0,0
2332,DIV,2,0.0,0.0
2333,DIV,1,0.0,0.0
2334,DIV,0,0.0,0
2335,DIV,2,15.0,0.0
2336,DIV,1,0.0,0.0
2337,SPAN,0,0.0,0
2338,SPAN,1,0.0,0.0
2339,DIV,0,0.0,0
2340,SPAN,1,0.0,0.0
2341,DIV,0,0.0,0
2342,SPAN,0,0.0,0
2343,DIV,1,25.0,25.0
2344,A,0,25.0,0
2345,SPAN,19,1.4736842105263157,1.5555555555555556
2346,DIV,18,1.5555555555555556,1.6470588235294117
2347,DIV,17,1.6470588235294117,1.75
2348,DIV,16,1.75,1.8666666666666667
2349,UL,15,1.8666666666666667,14.166666666666666
2350,LI,2,4.5,0.0
2351,SPAN,0,0.0,0
2352,SPAN,0,0.0,0
2353,LI,1,1.0,1.0
2354,A,0,1.0,0
2355,LI,1,1.0,1.0
2356,A,0,1.0,0
2357,LI,1,1.0,1.0
2358,A,0,1.0,0
2359,LI,0,3.0,0
2360,LI,0,2.0,0
2361,LI,3,1.6666666666666667,2.5
2362,A,2,2.5,0.0
2363,SPAN,0,0.0,0
2364,SPAN,0,0.0,0
2365,SPAN,0,0.0,0
2366,SPAN,56,1.7321428571428572,1.7636363636363637
2367,DIV,55,1.7636363636363637,1.7962962962962963
2368,SPAN,54,1.7962962962962963,1.830188679245283
2369,DIV,53,1.830188679245283,1.8653846153846154
2370,DIV,52,1.8653846153846154,1.9019607843137254
2371,DIV,51,1.9019607843137254,1.94
2372,DIV,50,1.94,57.71621621621622
2373,H2,1,26.0,26.0
2374,SPAN,0,26.0,0
2375,DIV,4,15.25,61.0
2376,SPAN,0,25.0,0
2377,A,0,23.0,0
2378,SPAN,0,3.0,0
2379,A,0,10.0,0
2380,DIV,37,0.21621621621621623,0.2222222222222222
2381,FORM,36,0.2222222222222222,0.6153846153846154
2382,INPUT,0,0.0,0
2383,INPUT,0,0.0,0
2384,INPUT,0,0.0,0
2385,INPUT,0,0.0,0
2386,INPUT,0,0.0,0
2387,INPUT,0,0.0,0
2388,INPUT,0,0.0,0
2389,INPUT,0,0.0,0
2390,INPUT,0,0.0,0
2391,INPUT,0,0.0,0
2392,INPUT,0,0.0,0
2393,INPUT,0,0.0,0
2394,INPUT,0,0.0,0
2395,INPUT,0,0.0,0
2396,INPUT,0,0.0,0
2397,INPUT,0,0.0,0
2398,INPUT,0,0.0,0
2399,INPUT,0,0.0,0
2400,INPUT,0,0.0,0
2401,INPUT,0,0.0,0
2402,DIV,1,0.0,0.0
2403,TEXTAREA,0,0.0,0
2404,DIV,13,0.6153846153846154,66.66666666666666
2405,SPAN,3,2.0,3.0
2406,SPAN,2,3.0,6.0
2407,INPUT,0,0.0,0
2408,SPAN,0,6.0,0
2409,SPAN,0,0.0,0
2410,DIV,3,29.0,43.5
2411,DIV,2,43.5,87.0
2412,I,0,0.0,0
2413,DIV,0,87.0,0
2414,DIV,3,35.666666666666664,53.5
2415,DIV,2,53.5,107.0
2416,I,0,0.0,0
2417,DIV,0,107.0,0
2418,DIV,4,16.25,9.0
2419,DIV,3,9.0,13.5
2420,DIV,2,13.5,27.0
2421,I,0,0.0,0
2422,DIV,0,27.0,0
2423,SPAN,6,0.0,0.0
2424,DIV,5,0.0,46.5
2425,DIV,4,46.5,11.333333333333334
2426,DIV,3,11.333333333333334,11.0
2427,IFRAME,0,0.0,0
2428,DIV,1,11.0,11.0
2429,A,0,11.0,0
2430,DIV,5,45.8,57.25
2431,SPAN,4,57.25,76.0
2432,DIV,3,76.0,16.0
2433,DIV,2,16.0,9.0
2434,IFRAME,0,0.0,0
2435,DIV,0,9.0,0
2436,DIV,7,16.714285714285715,18.833333333333332
2437,DIV,6,18.833333333333332,31.666666666666668
2438,DIV,0,0.0,0
2439,DIV,0,0.0,0
2440,DIV,3,31.666666666666668,76.0
2441,P,0,46.0,0
2442,P,1,30.0,30.0
2443,A,0,30.0,0
2444,DIV,5,45.8,56.25
2445,DIV,4,56.25,207.0
2446,DIV,0,43.0,0
2447,DIV,0,133.0,0
2448,DIV,1,31.0,11.0
2449,A,0,11.0,0
2450,LINK,0,0.0,0
2451,FORM,1,4.0,0.0
2452,INPUT,0,0.0,0
2453,DIV,22,0.0,84.52380952380952
2454,DIV,21,84.52380952380952,752.1746031746032
2455,BR,0,0.0,0
2456,DIV,7,125.28571428571429,771.8
2457,DIV,5,20.8,22.5
2458,TABLE,4,22.5,25.666666666666668
2459,TBODY,3,25.666666666666668,34.0
2460,TR,2,34.0,38.0
2461,TD,1,38.0,0.0
2462,IMG,0,0.0,0
2463,DIV,0,751.0,0
2464,NOSCRIPT,0,597.0,0
2465,DIV,9,29.88888888888889,33.25
2466,DIV,8,33.25,99.66666666666667
2467,DIV,0,69.0,0
2468,DIV,6,30.666666666666668,35.6
2469,DIV,5,35.6,130.0
2470,DIV,3,16.0,37.0
2471,DIV,0,3.0,0
2472,DIV,1,34.0,34.0
2473,A,0,34.0,0
2474,SPAN,0,114.0,0
2475,BR,0,0.0,0
2476,DIV,317,6.747634069400631,34.39779202279202
2477,A,2,5.5,11.0
2478,DIV,1,11.0,11.0
2479,SPAN,0,11.0,0
2480,DIV,65,8.015384615384615,8.140625
2481,DIV,64,8.140625,35.541008771929825
2482,DIV,12,6.166666666666667,19.9
2483,DIV,0,14.0,0
2484,UL,10,5.9,55.0
2485,LI,1,7.0,7.0
2486,A,0,7.0,0
2487,LI,1,4.0,4.0
2488,A,0,4.0,0
2489,LI,1,12.0,12.0
2490,A,0,12.0,0
2491,LI,1,18.0,18.0
2492,A,0,18.0,0
2493,LI,1,14.0,14.0
2494,A,0,14.0,0
2495,DIV,0,0.0,0
2496,DIV,19,9.736842105263158,27.764705882352942
2497,DIV,0,18.0,0
2498,UL,17,9.764705882352942,155.0
2499,LI,1,14.0,14.0
2500,A,0,14.0,0
2501,LI,1,28.0,28.0
2502,A,0,28.0,0
2503,LI,1,23.0,23.0
2504,A,0,23.0,0
2505,LI,1,24.0,24.0
2506,A,0,24.0,0
2507,LI,1,19.0,19.0
2508,A,0,19.0,0
2509,LI,1,23.0,23.0
2510,A,0,23.0,0
2511,LI,1,20.0,20.0
2512,A,0,20.0,0
2513,LI,2,4.0,8.0
2514,SPAN,0,1.0,0
2515,A,0,7.0,0
2516,DIV,0,0.0,0
2517,DIV,10,10.7,33.375
2518,DIV,0,23.0,0
2519,UL,8,10.375,80.0
2520,LI,1,20.0,20.0
2521,A,0,20.0,0
2522,LI,1,16.0,16.0
2523,A,0,16.0,0
2524,LI,1,19.0,19.0
2525,A,0,19.0,0
2526,LI,1,25.0,25.0
2527,A,0,25.0,0
2528,DIV,0,0.0,0
2529,DIV,16,8.9375,24.07142857142857
2530,DIV,0,15.0,0
2531,UL,14,9.071428571428571,121.0
2532,LI,1,12.0,12.0
2533,A,0,12.0,0
2534,LI,1,11.0,11.0
2535,A,0,11.0,0
2536,LI,1,25.0,25.0
2537,A,0,25.0,0
2538,LI,1,22.0,22.0
2539,A,0,22.0,0
2540,LI,1,31.0,31.0
2541,A,0,31.0,0
2542,LI,1,16.0,16.0
2543,A,0,16.0,0
2544,LI,1,4.0,4.0
2545,A,0,4.0,0
2546,DIV,0,0.0,0
2547,DIV,20,2.1,3.230769230769231
2548,SPAN,3,0.0,0.0
2549,DIV,2,0.0,0.0
2550,A,1,0.0,0.0
2551,DIV,0,0.0,0
2552,UL,0,0.0,0
2553,SPAN,13,3.230769230769231,3.5
2554,DIV,12,3.5,15.666666666666668
2555,A,4,2.0,39.0
2556,DIV,0,1.0,0
2557,SPAN,0,7.0,0
2558,SPAN,0,0.0,0
2559,SPAN,0,31.0,0
2560,A,2,9.0,18.0
2561,SPAN,0,1.0,0
2562,SPAN,0,17.0,0
2563,A,3,4.666666666666667,51.0
2564,SPAN,0,1.0,0
2565,SPAN,0,13.0,0
2566,SPAN,0,37.0,0
2567,UL,0,0.0,0
2568,DIV,216,6.782407407407407,6.813953488372093
2569,TABLE,215,6.813953488372093,6.845794392523365
2570,TBODY,214,6.845794392523365,40.10598141695703
2571,TR,41,6.829268292682927,67.0
2572,TD,4,9.25,12.333333333333334
2573,A,3,12.333333333333334,24.0
2574,BR,0,0.0,0
2575,SPAN,1,24.0,0.0
2576,BR,0,0.0,0
2577,TD,0,0.0,0
2578,TD,4,13.5,18.0
2579,A,3,18.0,35.0
2580,BR,0,0.0,0
2581,SPAN,1,35.0,0.0
2582,BR,0,0.0,0
2583,TD,0,0.0,0
2584,TD,4,9.5,12.666666666666666
2585,A,3,12.666666666666666,25.0
2586,BR,0,0.0,0
2587,SPAN,1,25.0,0.0
2588,BR,0,0.0,0
2589,TD,0,0.0,0
2590,TD,4,8.25,11.0
2591,A,3,11.0,29.0
2592,BR,0,0.0,0
2593,SPAN,1,29.0,0.0
2594,BR,0,0.0,0
2595,TD,0,0.0,0
2596,TD,4,8.5,11.333333333333334
2597,A,3,11.333333333333334,25.0
2598,BR,0,0.0,0
2599,SPAN,1,25.0,0.0
2600,BR,0,0.0,0
2601,TD,0,0.0,0
2602,TD,4,8.5,11.333333333333334
2603,A,3,11.333333333333334,30.0
2604,BR,0,0.0,0
2605,SPAN,1,30.0,0.0
2606,BR,0,0.0,0
2607,TD,0,0.0,0
2608,TD,4,9.5,12.666666666666666
2609,A,3,12.666666666666666,32.0
2610,BR,0,0.0,0
2611,SPAN,1,32.0,0.0
2612,BR,0,0.0,0
2613,TR,1,1.0,1.0
2614,TD,0,1.0,0
2615,TR,42,8.071428571428571,79.1
2616,TD,4,11.0,14.666666666666666
2617,A,3,14.666666666666666,28.0
2618,BR,0,0.0,0
2619,SPAN,1,28.0,0.0
2620,BR,0,0.0,0
2621,TD,0,0.0,0
2622,TD,4,10.0,13.333333333333334
2623,A,3,13.333333333333334,27.0
2624,BR,0,0.0,0
2625,SPAN,1,27.0,0.0
2626,BR,0,0.0,0
2627,TD,0,0.0,0
2628,TD,4,12.25,16.333333333333332
2629,A,3,16.333333333333332,35.0
2630,BR,0,0.0,0
2631,SPAN,1,35.0,0.0
2632,BR,0,0.0,0
2633,TD,0,0.0,0
2634,TD,4,11.0,14.666666666666666
2635,A,3,14.666666666666666,29.0
2636,BR,0,0.0,0
2637,SPAN,1,29.0,0.0
2638,BR,0,0.0,0
2639,TD,0,0.0,0
2640,TD,4,11.0,14.666666666666666
2641,A,3,14.666666666666666,30.0
2642,BR,0,0.0,0
2643,SPAN,1,30.0,0.0
2644,BR,0,0.0,0
2645,TD,0,0.0,0
2646,TD,4,13.25,17.666666666666668
2647,A,3,17.666666666666668,33.0
2648,BR,0,0.0,0
2649,SPAN,1,33.0,0.0
2650,BR,0,0.0,0
2651,TD,0,0.0,0
2652,TD,5,10.6,52.0
2653,A,0,0.0,0
2654,A,0,7.0,0
2655,BR,0,0.0,0
2656,SPAN,1,45.0,0.0
2657,BR,0,0.0,0
2658,TR,1,1.0,1.0
2659,TD,0,1.0,0
2660,TR,41,6.829268292682927,67.0
2661,TD,4,12.5,16.666666666666668
2662,A,3,16.666666666666668,34.0
2663,BR,0,0.0,0
2664,SPAN,1,34.0,0.0
2665,BR,0,0.0,0
2666,TD,0,0.0,0
2667,TD,4,10.5,14.0
2668,A,3,14.0,26.0
2669,BR,0,0.0,0
2670,SPAN,1,26.0,0.0
2671,BR,0,0.0,0
2672,TD,0,0.0,0
2673,TD,4,9.5,12.666666666666666
2674,A,3,12.666666666666666,27.0
2675,BR,0,0.0,0
2676,SPAN,1,27.0,0.0
2677,BR,0,0.0,0
2678,TD,0,0.0,0
2679,TD,4,11.0,14.666666666666666
2680,A,3,14.666666666666666,32.0
2681,BR,0,0.0,0
2682,SPAN,1,32.0,0.0
2683,BR,0,0.0,0
2684,TD,0,0.0,0
2685,TD,4,7.0,9.333333333333334
2686,A,3,9.333333333333334,19.0
2687,BR,0,0.0,0
2688,SPAN,1,19.0,0.0
2689,BR,0,0.0,0
2690,TD,0,0.0,0
2691,TD,4,8.0,10.666666666666666
2692,A,3,10.666666666666666,22.0
2693,BR,0,0.0,0
2694,SPAN,1,22.0,0.0
2695,BR,0,0.0,0
2696,TD,0,0.0,0
2697,TD,4,8.5,11.333333333333334
2698,A,3,11.333333333333334,27.0
2699,BR,0,0.0,0
2700,SPAN,1,27.0,0.0
2701,BR,0,0.0,0
2702,TR,1,1.0,1.0
2703,TD,0,1.0,0
2704,TR,41,7.2926829268292686,71.75
2705,TD,4,10.0,13.333333333333334
2706,A,3,13.333333333333334,30.0
2707,BR,0,0.0,0
2708,SPAN,1,30.0,0.0
2709,BR,0,0.0,0
2710,TD,0,0.0,0
2711,TD,4,7.25,9.666666666666666
2712,A,3,9.666666666666666,24.0
2713,BR,0,0.0,0
2714,SPAN,1,24.0,0.0
2715,BR,0,0.0,0
2716,TD,0,0.0,0
2717,TD,4,12.25,16.333333333333332
2718,A,3,16.333333333333332,41.0
2719,BR,0,0.0,0
2720,SPAN,1,41.0,0.0
2721,BR,0,0.0,0
2722,TD,0,0.0,0
2723,TD,4,8.0,10.666666666666666
2724,A,3,10.666666666666666,20.0
2725,BR,0,0.0,0
2726,SPAN,1,20.0,0.0
2727,BR,0,0.0,0
2728,TD,0,0.0,0
2729,TD,4,14.75,19.666666666666668
2730,A,3,19.666666666666668,34.0
2731,BR,0,0.0,0
2732,SPAN,1,34.0,0.0
2733,BR,0,0.0,0
2734,TD,0,0.0,0
2735,TD,4,11.75,15.666666666666666
2736,A,3,15.666666666666666,28.0
2737,BR,0,0.0,0
2738,SPAN,1,28.0,0.0
2739,BR,0,0.0,0
2740,TD,0,0.0,0
2741,TD,4,7.75,10.333333333333334
2742,A,3,10.333333333333334,23.0
2743,BR,0,0.0,0
2744,SPAN,1,23.0,0.0
2745,BR,0,0.0,0
2746,TR,1,1.0,1.0
2747,TD,0,1.0,0
2748,TR,36,7.083333333333333,63.833333333333336
2749,TD,4,6.75,9.0
2750,A,3,9.0,21.0
2751,BR,0,0.0,0
2752,SPAN,1,21.0,0.0
2753,BR,0,0.0,0
2754,TD,0,0.0,0
2755,TD,4,5.75,7.666666666666667
2756,A,3,7.666666666666667,16.0
2757,BR,0,0.0,0
2758,SPAN,1,16.0,0.0
2759,BR,0,0.0,0
2760,TD,0,0.0,0
2761,TD,4,9.75,13.0
2762,A,3,13.0,30.0
2763,BR,0,0.0,0
2764,SPAN,1,30.0,0.0
2765,BR,0,0.0,0
2766,TD,0,0.0,0
2767,TD,4,14.5,19.333333333333332
2768,A,3,19.333333333333332,36.0
2769,BR,0,0.0,0
2770,SPAN,1,36.0,0.0
2771,BR,0,0.0,0
2772,TD,0,0.0,0
2773,TD,3,9.333333333333334,14.0
2774,A,2,14.0,19.0
2775,BR,0,0.0,0
2776,SPAN,0,19.0,0
2777,TD,0,0.0,0
2778,TD,4,16.75,22.333333333333332
2779,A,3,22.333333333333332,46.0
2780,BR,0,0.0,0
2781,SPAN,1,46.0,0.0
2782,BR,0,0.0,0
2783,TD,0,0.0,0
2784,TD,0,1.0,0
2785,DIV,8,12.0,13.714285714285714
2786,UL,7,13.714285714285714,96.0
2787,LI,1,17.0,17.0
2788,A,0,17.0,0
2789,LI,1,14.0,14.0
2790,A,0,14.0,0
2791,LI,1,18.0,18.0
2792,A,0,18.0,0
2793,LI,0,47.0,0
2794,DIV,0,0.0,0
2795,DIV,0,0.0,0
2796,DIV,2,15651.5,0.0
2797,FORM,1,0.0,0.0
2798,INPUT,0,0.0,0
2799,NOSCRIPT,0,239.0,0
2800,DIV,0,0.0,0
